"code","iso","country","CDA.ind.1995","CDA.ind.1996","CDA.ind.1997","CDA.ind.1998","CDA.ind.1999","CDA.ind.2000","CDA.ind.2001","CDA.ind.2002","CDA.ind.2003","CDA.ind.2004","CDA.ind.2005","CDA.ind.2006","CDA.ind.2007","CDA.ind.2008","CDA.ind.2009","CDA.ind.2010","CDA.ind.2011","CDA.ind.2012","CDA.ind.2013","CDA.ind.2014","CDA.ind.2015","CDA.ind.2016","CDA.ind.2017","CDA.ind.2018","CDA.ind.2019","CDA.ind.2020","CDA.ind.2021","CDA.ind.2022"
4,"AFG","Afghanistan",0,0,0,0,0,0,0,0,0,0,0,0,0,0,0,0,0,0,0,0,0,0,40.3453102482927,79.2070009025134,83.8952383122182,83.8952383122182,83.8952383122182,83.8952383122182
8,"ALB","Albania",100,100,100,100,100,70.7117756695569,31.2353731041916,9.00904763012261,0,0,0,0,4.93807080133249,25.7801520720874,30.8244774438619,36.5325280154133,37.9034649466653,38.6739782193051,33.9567207938235,26.6685786860907,28.5357496838421,35.0894314929778,37.1451612014078,40.2607536292514,42.2687845634723,42.2687845634723,42.2687845634723,42.2687845634723
12,"DZA","Algeria",34.0156000111918,34.0156000111918,34.0156000111918,34.0156000111918,34.0156000111918,39.5079437286575,46.2883128589638,50.1896741000567,52.6331435051486,56.1958507724256,46.9500080559523,40.8586222083408,39.6080577764564,31.5599348643294,28.0606142557994,27.1720787326362,29.1909537639715,27.7529764536449,26.3326823970067,26.3779117015022,19.9324848754968,18.2447281807467,18.0754231920633,18.5070875011678,18.8343980938521,18.8343980938521,18.8343980938521,18.8343980938521
20,"AND","Andorra",-8888,-8888,-8888,-8888,-8888,-8888,-8888,-8888,-8888,-8888,-8888,-8888,-8888,-8888,-8888,-8888,-8888,-8888,-8888,-8888,-8888,-8888,-8888,-8888,-8888,-8888,-8888,-8888
24,"AGO","Angola",2.1340420527757,2.1340420527757,2.1340420527757,2.1340420527757,2.1340420527757,7.99633699369394,16.0207798240063,25.3916590019964,32.5218938583499,59.5836134624356,61.0063423505633,51.0854340039649,50.0287574021342,45.7922121513325,36.6990380705275,28.4000914999177,21.2540917847374,14.4356992978919,7.23212471319191,0,0,4.81005259519618,13.9865428012956,26.8334754603842,38.9787613467685,38.9787613467685,38.9787613467685,38.9787613467685
660,"AIA","Anguilla",-8888,-8888,-8888,-8888,-8888,-8888,-8888,-8888,-8888,-8888,-8888,-8888,-8888,-8888,-8888,-8888,-8888,-8888,-8888,-8888,-8888,-8888,-8888,-8888,-8888,-8888,-8888,-8888
28,"ATG","Antigua and Barbuda",28.6381410148242,28.6381410148242,28.6381410148242,28.6381410148242,28.6381410148242,22.9632183671676,20.614808919953,17.7627671194258,14.7727144765113,14.3753178611282,16.098035179374,18.0580482191498,18.6073213247576,19.4113757101877,19.7415528731802,21.1758056289432,26.522167683808,29.2457480249242,31.4210187181952,34.0571678871913,36.2133928423194,38.2672857546032,39.1548486621169,39.4458835225042,37.4268910342519,37.4268910342519,37.4268910342519,37.4268910342519
32,"ARG","Argentina",28.7093881914314,28.7093881914314,28.7093881914314,28.7093881914314,28.7093881914314,29.6130707956175,32.8544283459379,37.9918443984431,42.0518707373379,41.1778085361926,38.9500071622222,34.3134153790577,30.2208303951996,24.9435120269951,21.668194233095,19.7397436477586,21.8439429909888,29.4020691299683,36.1256271451754,39.2419443328854,42.4314554275723,44.1197133158179,47.0437347523329,47.7043938801772,51.7700662330157,51.7700662330157,51.7700662330157,51.7700662330157
51,"ARM","Armenia",65.7497362478,65.7497362478,65.7497362478,65.7497362478,65.7497362478,60.4506617318132,54.0503725074213,35.089080251906,38.7764050717018,40.1539167379766,27.9352234611589,29.291838617824,19.4607112423329,8.13110039727778,14.7906146167183,19.2707942373773,19.1803801855565,22.5627776368916,28.3070153706433,34.4661515162798,39.6713154890085,45.0156490095812,42.525522364375,28.7803522427939,29.1964122428889,29.1964122428889,29.1964122428889,29.1964122428889
533,"ABW","Aruba",10.5938848761393,10.5938848761393,10.5938848761393,10.5938848761393,10.5938848761393,0,0,0,0,0,0,0,0,0,39.7702920426484,44.827310932469,49.8640885609,53.1799435508101,63.758504496601,81.1156283471338,100,100,100,100,100,100,100,100
36,"AUS","Australia",33.9324398370129,33.9324398370129,33.9324398370129,33.9324398370129,33.9324398370129,32.8697104525419,34.1587819500404,34.3569402034413,35.4147520788707,37.5054655271606,39.9309323312565,39.5529519657922,39.3281231652406,37.8346635389131,36.1056807700636,35.471275643151,36.8735805484845,38.1137402269299,42.1535325951583,47.0750547881293,51.5467293653678,55.815909450053,59.9843612093489,61.6333976658968,59.3996764572285,59.3996764572285,59.3996764572285,59.3996764572285
40,"AUT","Austria",42.9366675226623,42.9366675226623,42.9366675226623,42.9366675226623,42.9366675226623,43.0324121998345,39.253406238248,39.1529543215384,37.7058543647312,38.1215648756692,37.4816203639352,36.5912325847434,38.2092185186831,40.2567711278537,47.8138334862355,52.2006041573783,58.938899835147,69.7074347641054,72.0103684492947,75.9986443014037,72.756775742603,67.6629863733692,59.9625422409368,55.3270654374036,54.3153290546901,54.3153290546901,54.3153290546901,54.3153290546901
31,"AZE","Azerbaijan",67.3204947058804,67.3204947058804,67.3204947058804,67.3204947058804,67.3204947058804,76.380263958107,90.9027044965191,96.8876130959251,78.1761909685561,54.53493580854,45.2387266716574,39.6855467427642,41.9855887277449,38.0162166141351,43.5019143740592,49.5700149779814,54.7962809361846,57.1943855489234,55.0903859567116,50.3874855238982,43.9782780461209,37.2945276641742,37.8375860669784,33.2352345383306,32.939063112941,32.939063112941,32.939063112941,32.939063112941
44,"BHS","Bahamas",50.8269549555474,50.8269549555474,50.8269549555474,50.8269549555474,50.8269549555474,46.3973845591929,43.8017374504185,40.1376762718269,38.2686855810403,37.3767023468736,40.600865724909,45.4649715440199,58.4056750177345,47.0177883233358,54.4336131804569,43.8067183624765,47.8945403799622,48.3975064127253,32.8853913820424,27.3544333230725,32.3682866784939,43.9849154526047,51.7441307617043,46.8834187081465,58.3570295620055,58.3570295620055,58.3570295620055,58.3570295620055
48,"BHR","Bahrain",14.0586238184407,14.0586238184407,14.0586238184407,14.0586238184407,14.0586238184407,12.6932187898235,26.2940960180027,40.6079496451582,43.3706765538892,44.5239364884095,42.7349833814897,41.7637835130268,27.9879423576592,11.4741574982981,1.29672710495802,0,0,7.28856675993097,13.7870452569013,22.3095720249133,28.2205984396377,39.0832155807306,39.5232888660065,44.9760738927068,50.8577526261195,50.8577526261195,50.8577526261195,50.8577526261195
50,"BGD","Bangladesh",3.74572724333227,3.74572724333227,3.74572724333227,3.74572724333227,3.74572724333227,4.75441578100315,4.20831312479902,5.31509189567825,8.4422277537174,10.9210887763615,8.65403172756884,6.79368427113657,6.92374355216501,9.68548900796534,11.542401929152,13.2706750810897,12.0982364585679,11.528148557649,13.0583054470489,13.5991666524206,12.6853546636135,11.2250568503379,11.5241330836098,11.4456102564912,9.37102131148464,9.37102131148464,9.37102131148464,9.37102131148464
52,"BRB","Barbados",52.7815845403995,52.7815845403995,52.7815845403995,52.7815845403995,52.7815845403995,44.2697899698032,28.6821656783897,21.4934872592567,8.83564870506704,14.8655666379862,19.8880504878989,27.4676887486221,34.2265305203293,29.424806753236,25.5534390687912,27.8393341009929,29.7363927745968,34.4103336809758,39.3246742866161,49.4209076458639,54.3733516500424,57.153525098925,65.315179068787,73.58508880953,76.1447292263279,76.1447292263279,76.1447292263279,76.1447292263279
112,"BLR","Belarus",68.432009969669,68.432009969669,68.432009969669,68.432009969669,68.432009969669,79.3099897472749,89.7161188218172,85.8208374350589,73.2503330334873,61.479521597059,53.6951035896944,46.8500919977089,42.4156597076478,37.9265249506568,37.3424878062511,37.7846899758227,39.2825204308571,42.1455914141121,45.5897163711629,47.3225462367145,50.8399713118428,52.4841103402075,54.5704302807205,51.023758406884,50.6109227646468,50.6109227646468,50.6109227646468,50.6109227646468
56,"BEL","Belgium",41.9714825092004,41.9714825092004,41.9714825092004,41.9714825092004,41.9714825092004,43.5616854204186,44.6347460137859,47.5847015236121,50.1757577402245,52.8248345292246,58.3292687598477,59.9967076742926,64.2102147416091,63.3698802872648,65.2957730442005,58.1990916323922,58.6501458128418,65.9759811677623,64.8087596512299,65.7433363321663,64.2973554944963,63.8001310789838,64.5440086945218,58.3594638804154,55.4740235315993,55.4740235315993,55.4740235315993,55.4740235315993
84,"BLZ","Belize",49.3692000651309,49.3692000651309,49.3692000651309,49.3692000651309,49.3692000651309,52.9521441293771,41.4062343615476,38.112883184738,33.701966491387,34.375133160291,32.3521923823864,38.3572535856911,34.3113150091474,37.5233283068617,38.4774773784474,35.7690518504328,28.30679689567,32.2230853043236,34.4012801867239,42.4918429046454,37.1592945874743,34.7612888868997,31.3808129260214,33.826265680415,27.3267149595812,27.3267149595812,27.3267149595812,27.3267149595812
204,"BEN","Benin",0,0,0,0,0,2.33656724514836,3.59980887140067,0.240052106466877,0,0,0,0,0,0,0,0,0,0,5.05542129982028,12.6327968250856,22.1388413503881,20.7587679465425,13.4796193784323,10.7154718270999,8.78375209501462,8.78375209501462,8.78375209501462,8.78375209501462
60,"BMU","Bermuda",-8888,-8888,-8888,-8888,-8888,-8888,-8888,-8888,-8888,-8888,-8888,-8888,-8888,-8888,-8888,-8888,-8888,-8888,-8888,-8888,-8888,-8888,-8888,-8888,-8888,-8888,-8888,-8888
64,"BTN","Bhutan",0,0,0,0,0,0,0,0,6.58408070153385,32.0145499905669,42.0902951572593,49.8985339068708,48.7510850964616,43.2490203754459,28.0316949997992,10.4210734676623,0,0,0,0,0,0,0,0,0,0,0,0
68,"BOL","Bolivia",2.92845051271345,2.92845051271345,2.92845051271345,2.92845051271345,2.92845051271345,10.7845970562132,30.4482727792059,40.9888800273002,43.2439362537181,43.2164779062784,43.6125753348484,35.5908843541852,31.6128213351086,27.150255002159,24.384450085207,18.2637977616767,22.4921051090308,19.0181008622972,16.3894599254892,15.7382692044905,15.9283173473721,8.27040428554506,10.8934590738647,15.6150464050511,22.7037721454229,22.7037721454229,22.7037721454229,22.7037721454229
70,"BIH","Bosnia and Herzegovina",0,0,0,0,0,0,0,0,0,0,0,0,9.22622689497307,9.6975951062973,14.9103301309883,11.5762623462499,9.16519230618405,11.7705560614709,18.1705479172327,28.8072221230578,41.1426326052951,45.3535139937842,50.8235770140872,52.5919812200931,50.4088494095796,50.4088494095796,50.4088494095796,50.4088494095796
72,"BWA","Botswana",38.4177804584633,38.4177804584633,38.4177804584633,38.4177804584633,38.4177804584633,33.00535694401,30.7431533840173,27.8829075993168,23.1207261787063,21.5765073247624,19.9657195606097,24.9359803506127,31.6132915518922,31.4555408697127,42.6919309226892,41.4549213018599,45.0801176767504,38.9831128262064,32.3814017245331,20.9533604187464,20.3565323788393,15.6262043235782,9.09170337883319,2.69585996748538,10.7306527033092,10.7306527033092,10.7306527033092,10.7306527033092
76,"BRA","Brazil",16.8124725649983,16.8124725649983,16.8124725649983,16.8124725649983,16.8124725649983,16.5026327675221,17.3741177982379,21.8835946551527,27.6799249601064,32.7151409168439,36.9811031040128,39.7418317206246,40.3061442290606,39.0085482920024,40.8095836025731,36.7251335222347,32.5368213097979,28.5115426480134,24.653670342241,20.1458549522754,20.0624881046306,24.0254961113808,28.2142434214269,33.3567413725422,42.882716094668,42.882716094668,42.882716094668,42.882716094668
92,"VGB","British Virgin Islands",-8888,-8888,-8888,-8888,-8888,-8888,-8888,-8888,-8888,-8888,-8888,-8888,-8888,-8888,-8888,-8888,-8888,-8888,-8888,-8888,-8888,-8888,-8888,-8888,-8888,-8888,-8888,-8888
96,"BRN","Brunei Darussalam",78.4468481250637,78.4468481250637,78.4468481250637,78.4468481250637,78.4468481250637,57.5638032630629,54.9142586164441,57.5553584555592,53.2863873634131,49.3652253161199,47.9681697393983,45.3422658247324,19.8446978534484,0,0,0,0,0,0,6.48103551301055,32.7861805867638,54.0609755277941,52.769468660419,46.5719350287731,33.960330057546,33.960330057546,33.960330057546,33.960330057546
100,"BGR","Bulgaria",55.1436244228936,55.1436244228936,55.1436244228936,55.1436244228936,55.1436244228936,56.0596191343334,55.8901747109175,64.7954100087694,61.4692121684849,64.5947370296884,60.7094087672105,55.1501637355023,47.099330883689,41.7198606091057,47.2411234199752,51.8048780895224,50.4204231651568,54.192868052035,62.1835597235256,67.3136140948424,64.9960899935099,65.1703591084032,55.5135075114004,52.6648531190846,60.0177263353443,60.0177263353443,60.0177263353443,60.0177263353443
854,"BFA","Burkina Faso",18.6274345481099,18.6274345481099,18.6274345481099,18.6274345481099,18.6274345481099,12.3275288591722,8.78280927806949,8.35226949119361,9.07336065211958,11.8025138921291,19.5670022867418,19.8403332237006,13.7679789038916,7.09355528645179,1.36687716615593,0,0,0,0,0,0,0,0,0,2.23495067854809,2.23495067854809,2.23495067854809,2.23495067854809
108,"BDI","Burundi",37.1288871750082,37.1288871750082,37.1288871750082,37.1288871750082,37.1288871750082,37.5166647379615,43.7093456259124,53.4934742820011,76.3031208549986,84.5999212943689,100,100,93.2632783040586,73.6530970030275,66.9566078967441,36.551548515965,13.9161955473602,0,0,0,0,0,0,0,4.13942056519159,4.13942056519159,4.13942056519159,4.13942056519159
132,"CPV","Cabo Verde",2.36799816243325,2.36799816243325,2.36799816243325,2.36799816243325,2.36799816243325,0,0,0,0,0,0,0,0,0,0,0,0,8.11070987498998,24.259693979326,41.4265197214593,48.4770388801037,49.8660312199032,46.7799418506397,39.035301278275,29.6965264223857,29.6965264223857,29.6965264223857,29.6965264223857
116,"KHM","Cambodia",10.4138224795055,10.4138224795055,10.4138224795055,10.4138224795055,10.4138224795055,10.4138224795055,10.4138224795055,10.4138224795055,8.33880640365717,8.4511431951353,5.8874442445218,5.03949608422391,5.84735582702562,0,0,0,0,0,0,0,0,0,0,0,0,0,0,0
120,"CMR","Cameroon",0,0,0,0,0,0.767567122328799,34.5582120834273,42.3408729280535,45.5334045675079,48.6095935719184,50.7542354942447,47.988791914328,38.0357716254723,31.2989603456695,22.3124356041464,14.3604214797336,11.6487908298955,15.9383562181356,24.0179048675252,24.8869082623812,26.8611921360228,31.1321490843408,29.998876675456,30.51900884932,29.6023705323564,29.6023705323564,29.6023705323564,29.6023705323564
124,"CAN","Canada",40.6354904937832,40.6354904937832,40.6354904937832,40.6354904937832,40.6354904937832,40.6354904937832,40.6354904937832,40.6354904937832,40.6354904937832,40.6354904937832,40.6354904937832,40.6354904937832,41.3677173886362,43.2676666901602,46.9056503677663,49.6304743823018,52.923627206144,59.8584437951511,62.5698461131443,60.6916892095561,56.2360099520866,51.6604833218902,46.8088172720858,42.6032575774192,40.7808092733279,40.7808092733279,40.7808092733279,40.7808092733279
136,"CYM","Cayman Islands",-8888,-8888,-8888,-8888,-8888,-8888,-8888,-8888,-8888,-8888,-8888,-8888,-8888,-8888,-8888,-8888,-8888,-8888,-8888,-8888,-8888,-8888,-8888,-8888,-8888,-8888,-8888,-8888
140,"CAF","Central African Republic",30.9183361715752,30.9183361715752,30.9183361715752,30.9183361715752,30.9183361715752,32.040448132642,36.8706877129978,40.8367742822745,46.0500966265705,49.3923679601301,52.777697313251,54.6450311044321,53.8132860052903,52.5531013692275,49.2777216131807,43.6978264441099,39.8575737214413,35.0467443937268,34.4983221038636,34.8738370543678,36.5433039756518,36.9081669942335,40.4584821409782,43.4695948142126,50.383235348309,50.383235348309,50.383235348309,50.383235348309
148,"TCD","Chad",34.3397689739701,34.3397689739701,34.3397689739701,34.3397689739701,34.3397689739701,33.9144428362648,33.1058494511595,30.513049816567,12.25971669019,0,0,0,0,0,0,0,8.77380029368977,40.437859613387,48.7116099463768,43.4361325368854,43.6414564953288,35.0287303175499,25.7012461793964,20.1709013273639,18.2620433403091,18.2620433403091,18.2620433403091,18.2620433403091
152,"CHL","Chile",0,0,0,0,0,0,0.813875257567858,11.9044850877447,23.9572583661632,33.4578659183618,41.0707607950992,43.7873977197799,38.8568413054437,34.782568540444,31.7860092776769,28.4703567587871,27.9557849680997,27.8600618807614,28.9781146993284,32.2245141134206,34.39968821426,35.7263008783388,35.0215959178711,35.3603839335484,39.8694275311681,39.8694275311681,39.8694275311681,39.8694275311681
156,"CHN","China",24.255196895609,24.255196895609,24.255196895609,24.255196895609,24.255196895609,28.97475987147,33.4812282348812,35.108061511104,30.8205316966366,22.2501615450768,10.0400990630736,0,0,0,0,0,0,0,0.266103374439709,7.35798645257729,14.8992317712812,22.3850283158877,29.1741080139101,35.1385285786235,40.2053712564815,40.2053712564815,40.2053712564815,40.2053712564815
170,"COL","Colombia",47.9346884146944,47.9346884146944,47.9346884146944,47.9346884146944,47.9346884146944,52.7316960056251,59.7029701224967,63.953703066579,62.9871077063653,60.8126494386685,56.8971857136802,53.5389671494789,48.9530235547295,38.8960651194136,33.6488332763852,27.5888718782554,23.9798313952643,21.4981217942622,16.3054757854296,16.551487984727,18.9763677190094,17.0873825639223,24.0871464526087,29.1012178276797,30.7695705081969,30.7695705081969,30.7695705081969,30.7695705081969
174,"COM","Comoros",22.3403893748084,22.3403893748084,22.3403893748084,22.3403893748084,22.3403893748084,17.6919730629928,14.5969827828935,15.2124311986657,7.80933606802246,2.63855984025857,1.94760229823301,0,17.0121638999521,31.3986968416298,37.7429947557567,34.3927038905227,40.9957792894394,47.6921159951029,38.8414630251097,33.5305579103653,26.6093214229191,7.81909186474657,5.08580885168789,5.8143581181064,9.0447385147467,9.0447385147467,9.0447385147467,9.0447385147467
184,"COK","Cook Islands",-8888,-8888,-8888,-8888,-8888,-8888,-8888,-8888,-8888,-8888,-8888,-8888,-8888,-8888,-8888,-8888,-8888,-8888,-8888,-8888,-8888,-8888,-8888,-8888,-8888,-8888,-8888,-8888
188,"CRI","Costa Rica",5.3615548163846,5.3615548163846,5.3615548163846,5.3615548163846,5.3615548163846,15.2372603357108,22.9183671848673,25.6491139854046,29.0771128933165,22.3060271796715,21.9770158395024,23.2222590680807,21.3260978076654,20.1037791536954,21.8572322147497,28.0008891096202,35.5309877527717,41.0691532405271,43.9448255748977,45.6519537156565,50.7422241386863,52.3464565226766,47.2546796366289,40.0424057049138,31.1337522629237,31.1337522629237,31.1337522629237,31.1337522629237
384,"CIV","Cote d'Ivoire",7.41891249284329,7.41891249284329,7.41891249284329,7.41891249284329,7.41891249284329,6.05676780225869,6.94832596792807,18.5868716677476,35.1301796844509,49.1617544346528,49.128886476333,45.3968031284861,43.7793567047457,44.1487838134315,55.5091006023135,61.3631215903795,55.4164832579932,40.0629661791017,37.6663990251671,24.58896087765,14.2745402268448,1.18798021830719,0,0,0,0,0,0
191,"HRV","Croatia",30.0027016473187,30.0027016473187,30.0027016473187,30.0027016473187,30.0027016473187,30.0027016473187,30.0027016473187,30.0027016473187,30.0027016473187,30.0027016473187,30.9622376469617,33.9760935576263,32.9212003437554,33.8594723228197,39.4963113321868,48.0168966471675,52.8917042878665,57.7010872116224,57.1361735767364,53.2097999987906,51.217416506803,56.6041348459441,56.2978844526629,58.5742657321056,56.1152139307102,56.1152139307102,56.1152139307102,56.1152139307102
192,"CUB","Cuba",53.4642314406986,53.4642314406986,53.4642314406986,53.4642314406986,53.4642314406986,45.8074693197684,35.2180561340418,36.4817861731977,42.7875055937781,50.2731152139901,49.981622710483,46.8743470692333,47.4456543186413,46.5390597880787,44.9906228724818,36.3250095010607,35.9868141746291,34.9576655242937,38.0755569794615,43.4699544906538,45.9527903639867,49.8969833839963,64.0349261703903,73.3883316379152,78.8214064761289,78.8214064761289,78.8214064761289,78.8214064761289
531,"CUW","Curacao",-8888,-8888,-8888,-8888,-8888,-8888,-8888,-8888,-8888,-8888,-8888,-8888,-8888,-8888,-8888,-8888,-8888,-8888,-8888,-8888,-8888,-8888,-8888,-8888,-8888,-8888,-8888,-8888
196,"CYP","Cyprus",28.3372698911258,28.3372698911258,28.3372698911258,28.3372698911258,28.3372698911258,30.3730438261038,34.520354634426,36.9229128000757,35.32867258038,32.4281064818909,36.0488696302103,35.3868463545401,35.8699650251679,34.4719391136862,36.9184866129536,39.7983537375371,44.9697596604494,51.7613210405824,55.4049465051429,58.1649105546423,57.2657557539378,55.6431430484387,53.4131904438437,52.240452948535,50.9590086536636,50.9590086536636,50.9590086536636,50.9590086536636
203,"CZE","Czech Republic",81.5230420509295,81.5230420509295,81.5230420509295,81.5230420509295,81.5230420509295,73.6673991545022,64.4229360814866,60.7954965277703,55.9693213739267,56.2270453285191,55.1244003814003,52.175656124472,48.9086263665924,49.3853548390045,59.4968354740447,60.0410872494199,61.60944513087,67.4326633096455,69.8051437895012,76.4006032777623,77.44062324928,72.6181582708484,66.0784924136575,62.6108799598849,63.6387074985772,63.6387074985772,63.6387074985772,63.6387074985772
180,"COD","Dem. Rep. Congo",60.4725615176628,60.4725615176628,60.4725615176628,60.4725615176628,60.4725615176628,62.4606050854539,62.7314431133761,60.5904885330734,53.1970859747385,53.8994936235335,53.7012840426381,52.2829900652345,40.8186987016132,22.4601203049762,15.6325118328173,17.1071328182425,18.1019249081937,25.9389102796147,16.9879967053115,5.25294250399725,12.2154015504508,29.9863891620167,38.0374179401452,37.1553966056071,45.1711609824602,45.1711609824602,45.1711609824602,45.1711609824602
208,"DNK","Denmark",42.3481353660685,42.3481353660685,42.3481353660685,42.3481353660685,42.3481353660685,53.6378575202787,57.333168615201,69.4163499718134,72.9287041876897,77.4032332273465,88.8489575630976,67.3560864130893,62.6017539895028,60.8831211339924,63.9680898748353,67.6583518014331,72.8178174336127,79.2355518545538,73.2739455312115,80.9753761214514,96.3044682788523,100,100,100,100,100,100,100
262,"DJI","Djibouti",46.0447506002947,46.0447506002947,46.0447506002947,46.0447506002947,46.0447506002947,46.0447506002947,43.6588107656652,38.8865315563112,33.551746099726,32.176289426224,31.8805422365694,33.2459773166298,29.9363526544694,27.1831919009094,30.4840168138737,28.6608181826379,32.9292839911018,34.8699566923165,30.5027471968654,44.4144856544707,50.322392356357,66.1318388453931,78.6169200028404,79.0638291718067,82.0869270338973,82.0869270338973,82.0869270338973,82.0869270338973
212,"DMA","Dominica",2.78438881992938,2.78438881992938,2.78438881992938,2.78438881992938,2.78438881992938,0.859816313934971,4.59449825286615,18.1315615742153,19.3058649751262,14.2061524706015,7.36972216550704,4.52086550072667,0,10.0327826923192,18.6114667275172,21.4317108006323,29.6294604094287,41.5292232567345,49.7171215102906,50.5542057140909,52.1413786464679,54.0222538283519,50.8417225215182,50.4991237218013,50.4813998892764,50.4813998892764,50.4813998892764,50.4813998892764
214,"DOM","Dominican Republic",0,0,0,0,0,0,2.90156803983808,8.74988958719797,16.8398464782524,34.1715607417485,43.4272269754986,47.3244288390912,48.6561583399059,49.3717163588759,51.3341028562213,50.0254963132652,47.7087793528694,41.6864654143184,36.2920745871661,38.0041920101439,38.2195603485412,36.13467763494,34.5226626059651,32.8225674914665,32.5841535018955,32.5841535018955,32.5841535018955,32.5841535018955
218,"ECU","Ecuador",33.944937951757,33.944937951757,33.944937951757,33.944937951757,33.944937951757,40.9602781436331,46.6560794407994,40.3067335472148,27.2397549331319,35.8933169611518,27.2587241698479,18.4142291402077,16.9386635022026,16.9821202409725,17.6717648745628,21.4871939931354,22.3098328456026,26.1018039857379,27.1113733917041,24.0862100695828,24.3717111618357,29.4834404931757,30.7606257495731,36.3964248389188,41.2269505360737,41.2269505360737,41.2269505360737,41.2269505360737
818,"EGY","Egypt",12.0149457068115,12.0149457068115,12.0149457068115,12.0149457068115,12.0149457068115,7.87412003450237,11.338941129486,16.8791715454773,14.2381887188487,18.2571239483551,17.8641462034643,20.0094369946386,19.7388846100836,16.4615441037759,14.7030057658823,11.4916395063147,13.7697967613709,20.5950212272587,25.5375083348099,30.0655289927918,33.9978148271074,35.5840175292987,34.4344338362849,33.5426235195013,33.3722497087803,33.3722497087803,33.3722497087803,33.3722497087803
222,"SLV","El Salvador",0,0,0,0,0,6.57801983237128,13.7930890660188,22.515343609564,26.8014823689237,29.6296203344124,30.6896109457565,36.1813712299921,34.9930939111594,35.8772127491179,39.040958106704,42.8904476010922,44.8632756062171,46.160937572559,47.3825257401275,49.5836268379935,49.3416968547852,46.9674815599452,47.1291100256667,42.9446662264221,36.5799658811558,36.5799658811558,36.5799658811558,36.5799658811558
226,"GNQ","Equatorial Guinea",0,0,0,0,0,0,0,0,0,0,0,0,0,0,0,11.5685245629412,18.6386614718169,32.2626484184915,44.2897250142497,51.4446325956096,56.9677261248866,58.965576706669,64.6453027786943,59.1267311583374,58.8624305660891,58.8624305660891,58.8624305660891,58.8624305660891
232,"ERI","Eritrea",63.9948705274667,63.9948705274667,63.9948705274667,63.9948705274667,63.9948705274667,63.9948705274667,63.9948705274667,76.6423747725125,73.767481924396,65.7026116860447,50.7096778283219,48.7093888483583,47.3149713844027,64.8198014386942,65.6092920511739,72.3777726581421,71.8547214290165,67.6132586462367,57.8463701923422,45.7519225626767,27.0743066237436,21.7280645630863,14.8751590816647,21.3520840470202,23.4455423869167,23.4455423869167,23.4455423869167,23.4455423869167
233,"EST","Estonia",60.7032982430848,60.7032982430848,60.7032982430848,60.7032982430848,60.7032982430848,60.7032982430848,60.7032982430848,60.7032982430848,60.7032982430848,60.7032982430848,53.9165479352856,48.2549817750096,38.7599578583126,36.1155939488927,42.7960542485335,42.0688968867454,40.1108239695276,43.660011683109,39.4139616256954,36.9905049201497,39.4151610169443,41.9708606663709,40.3723995582598,39.1884666806316,55.0369421158309,55.0369421158309,55.0369421158309,55.0369421158309
748,"SWZ","Eswatini",25.1783910425976,25.1783910425976,25.1783910425976,25.1783910425976,25.1783910425976,17.2934602818424,19.5706950833734,26.1336269416133,44.695873102871,47.2133214880353,49.5717635042112,75.9716945461201,74.8758449481513,70.8083305730849,58.7646371780742,52.1782000270633,50.058697615755,42.5702802202409,29.7651889353959,39.9289123626656,45.9133384497367,44.7535796643313,50.1495250862995,55.8396986339653,62.8983071437513,62.8983071437513,62.8983071437513,62.8983071437513
231,"ETH","Ethiopia",45.4049975986477,45.4049975986477,45.4049975986477,45.4049975986477,45.4049975986477,36.5201330093037,21.4432990556398,8.13906885554124,0,0,0,0.945580180411582,1.76317936370461,1.85915546681423,8.40242447408714,16.631455827481,14.2977642484181,11.4867128375893,3.5318303271647,0,0,0,0,0,0,0,0,0
234,"FRO","Faeroe Islands",-8888,-8888,-8888,-8888,-8888,-8888,-8888,-8888,-8888,-8888,-8888,-8888,-8888,-8888,-8888,-8888,-8888,-8888,-8888,-8888,-8888,-8888,-8888,-8888,-8888,-8888,-8888,-8888
238,"FLK","Falkland Islands",-8888,-8888,-8888,-8888,-8888,-8888,-8888,-8888,-8888,-8888,-8888,-8888,-8888,-8888,-8888,-8888,-8888,-8888,-8888,-8888,-8888,-8888,-8888,-8888,-8888,-8888,-8888,-8888
242,"FJI","Fiji",44.8914522084455,44.8914522084455,44.8914522084455,44.8914522084455,44.8914522084455,38.9803950151206,33.2774193555237,32.8092261825222,27.6197300984084,15.5819979720366,15.3752331004796,10.7862218296341,12.9906472727037,29.4010065312304,50.2690648837413,51.943025074594,51.7450522645158,60.6585651794579,54.3895634511347,30.892163358177,7.94894636029645,0,0,0,0,0,0,0
246,"FIN","Finland",39.1039741135912,39.1039741135912,39.1039741135912,39.1039741135912,39.1039741135912,43.1439534168972,42.7933361658055,45.3027596113807,43.2409017051175,38.6817319726974,45.7672578601463,40.6404384244443,38.2152129328601,42.1738435029883,49.5684802606962,53.9302043042541,61.601236015714,72.0072571238668,69.9002590850025,63.3464905388798,72.9074908437011,66.7485617540248,77.3893893857128,82.5924195931422,88.6858934594012,88.6858934594012,88.6858934594012,88.6858934594012
250,"FRA","France",51.1325388109607,51.1325388109607,51.1325388109607,51.1325388109607,51.1325388109607,50.1964469911208,45.9997947274006,44.3020497852847,43.1902189953063,44.9658861515983,45.9262574924525,45.8892729686255,48.8970208533944,49.6422483344279,53.067143014325,58.6879165733057,63.8801172313787,68.141955878404,69.9395094927058,74.5191542278028,73.902518144884,72.7293157568429,69.0119990607953,66.2643461270058,66.0912290509155,66.0912290509155,66.0912290509155,66.0912290509155
258,"PYF","French Polynesia",-8888,-8888,-8888,-8888,-8888,-8888,-8888,-8888,-8888,-8888,-8888,-8888,-8888,-8888,-8888,-8888,-8888,-8888,-8888,-8888,-8888,-8888,-8888,-8888,-8888,-8888,-8888,-8888
266,"GAB","Gabon",35.5307136557717,35.5307136557717,35.5307136557717,35.5307136557717,35.5307136557717,25.8487117551225,25.3357748905131,27.4696505339625,26.4194156764978,35.3625981241835,42.8549151007939,50.2472809779887,65.0768093314136,74.5319069408374,83.4720168043879,82.02179662365,74.8991588526706,67.7418801756998,53.1355415112196,43.1659315427051,34.0608998705747,29.9824439726534,35.2109617915385,40.1416835987465,50.2622894227559,50.2622894227559,50.2622894227559,50.2622894227559
270,"GMB","Gambia",29.0249147352492,29.0249147352492,29.0249147352492,29.0249147352492,29.0249147352492,24.8280730665906,20.0362265273721,18.6926679717132,18.1911745920412,17.9823635098449,19.4511800905634,20.7230849691726,25.0709545277989,28.1033337664898,27.7035616141144,25.316879179238,20.9651892732228,19.6342634276711,23.4710660835342,20.5986641766551,20.1276199315389,19.562567421548,21.8175624110976,18.556447661948,17.9266594333896,17.9266594333896,17.9266594333896,17.9266594333896
268,"GEO","Georgia",88.9167271800913,88.9167271800913,88.9167271800913,88.9167271800913,88.9167271800913,89.077355355297,98.4418401949399,84.1934673927028,49.271905464719,31.8101438371862,42.7997815695281,33.7478248123746,22.5881017550918,15.6211115185719,9.75200975404724,3.35659144353821,0.692078565534786,4.55377653392534,11.0733211625387,14.2816305879025,14.0640286059322,10.6663940766827,7.87188928025626,19.2550460278836,26.6805869380408,26.6805869380408,26.6805869380408,26.6805869380408
276,"DEU","Germany",71.481626194067,71.481626194067,71.481626194067,71.481626194067,71.481626194067,64.2698018263462,58.2120412058022,57.2674432028624,57.0374338353576,57.7513126800162,59.352781617385,56.3885550497064,57.4811563789182,58.3818266676682,66.1555593827676,66.4765418600994,66.2013447414302,65.1098685629113,61.3507081532937,60.3148288556458,58.8041554784779,55.5676167374153,54.0423752926683,53.9589694744847,64.2895328296937,64.2895328296937,64.2895328296937,64.2895328296937
288,"GHA","Ghana",10.0590240551447,10.0590240551447,10.0590240551447,10.0590240551447,10.0590240551447,13.7133164017495,12.9923987012,19.4055367398869,24.0267675113007,27.4709323428735,34.7019089523269,30.0464293211987,22.4170013265835,21.5369158123349,28.5168828518138,28.7438214702109,21.6798819533111,7.80104685164228,0,0,0,0,0,0,11.6360763870982,11.6360763870982,11.6360763870982,11.6360763870982
300,"GRC","Greece",38.3985562182234,38.3985562182234,38.3985562182234,38.3985562182234,38.3985562182234,36.3039531285707,34.5718050801711,33.4766842692699,33.7532094964976,34.1726190597501,35.4240190750209,38.4415410126516,41.0841267563429,43.1448874737555,47.8597867235314,52.0157000495872,53.7464218698547,54.3128240492674,55.09541255418,54.2040221267755,51.7946775669753,51.5463911541651,52.8206689128832,55.3913444399909,55.8292663222236,55.8292663222236,55.8292663222236,55.8292663222236
304,"GRL","Greenland",-8888,-8888,-8888,-8888,-8888,-8888,-8888,-8888,-8888,-8888,-8888,-8888,-8888,-8888,-8888,-8888,-8888,-8888,-8888,-8888,-8888,-8888,-8888,-8888,-8888,-8888,-8888,-8888
308,"GRD","Grenada",3.47884105535138,3.47884105535138,3.47884105535138,3.47884105535138,3.47884105535138,5.29947547123953,9.7727099787037,14.0505810018149,19.4708429294142,24.0036754356667,27.375313062873,30.0564082212188,30.7696992861461,30.2070570176808,28.2308246071422,28.1264277585734,30.8553193845865,30.7389802863191,26.3059698764341,36.5116305415958,41.7047851392763,44.2946633590388,44.7876403556781,42.8416418122694,40.7036418810184,40.7036418810184,40.7036418810184,40.7036418810184
320,"GTM","Guatemala",6.02214093336534,6.02214093336534,6.02214093336534,6.02214093336534,6.02214093336534,4.23493463751502,6.60900410600921,4.57131823871238,11.9770568712509,12.4078808606098,12.064900548351,18.1480284516036,23.9705952757126,31.2000932711478,37.5005530122957,42.7669010761646,46.6855344387606,47.7680788996043,48.0169454833242,44.0938784729846,33.843356240975,22.6157489349841,12.2111946352005,13.5793518147347,12.1723248735255,12.1723248735255,12.1723248735255,12.1723248735255
831,"GGY","Guernsey",-8888,-8888,-8888,-8888,-8888,-8888,-8888,-8888,-8888,-8888,-8888,-8888,-8888,-8888,-8888,-8888,-8888,-8888,-8888,-8888,-8888,-8888,-8888,-8888,-8888,-8888,-8888,-8888
324,"GIN","Guinea",23.106539735915,23.106539735915,23.106539735915,23.106539735915,23.106539735915,20.9145455006263,19.4492258732698,18.8160354378852,18.7407851807889,19.5147427008906,21.219321109557,22.2816131319746,23.5352442563959,25.037903622233,25.4825536864804,21.1948376794586,17.4260993599587,18.6356600511762,25.9863330598012,32.6622910257647,34.9771739880769,34.0222696036853,32.4524742757657,27.3728447649178,23.5475555254676,23.5475555254676,23.5475555254676,23.5475555254676
624,"GNB","Guinea-Bissau",43.3691368922176,43.3691368922176,43.3691368922176,43.3691368922176,43.3691368922176,51.709178385629,56.0465494311075,58.3534024551555,55.530129766513,51.4099019143427,44.6274709382754,37.3045780748769,24.542574642485,20.1185637332838,11.5147991253045,16.5060512094277,23.219229522594,31.5371423083522,33.2213438397773,33.5499159809721,32.9252385764764,31.9442902148244,30.4875776307631,23.378731714324,18.0564065614655,18.0564065614655,18.0564065614655,18.0564065614655
328,"GUY","Guyana",0.390014196381088,0.390014196381088,0.390014196381088,0.390014196381088,0.390014196381088,2.49261574823682,9.32952053980335,23.4415614172749,38.2226939501599,41.1425151100912,49.3782173500679,59.8671584472148,57.2147202177619,56.2272882151952,49.7375358147427,46.8753063874923,43.557894606844,41.9518831657339,38.8415771426034,32.9132862193324,34.4147039383389,35.0197537879209,32.1467156498906,29.462444835995,25.1160139063391,25.1160139063391,25.1160139063391,25.1160139063391
332,"HTI","Haiti",14.0876906387947,14.0876906387947,14.0876906387947,14.0876906387947,14.0876906387947,0,0,0,0,0,2.26432137101119,7.83379097802465,1.72359972096318,4.29652919724933,11.5516943722046,24.4683479142028,34.4825037732561,38.3042092518152,44.3009269368645,39.680017980475,30.839974030117,24.3987094067833,15.3359852520121,7.75499033510231,4.40728456073042,4.40728456073042,4.40728456073042,4.40728456073042
336,"VAT","Holy See",-8888,-8888,-8888,-8888,-8888,-8888,-8888,-8888,-8888,-8888,-8888,-8888,-8888,-8888,-8888,-8888,-8888,-8888,-8888,-8888,-8888,-8888,-8888,-8888,-8888,-8888,-8888,-8888
340,"HND","Honduras",0,0,0,0,0,0,0,0,0,0,0,4.22938482152193,5.36273056674816,5.11613070348861,12.9412682076876,22.4368001958855,26.7060005459332,30.9778227013624,32.4781081267717,32.5626529100787,29.5242033914063,35.4943124385328,32.9824692030596,30.4006149246682,28.0720307804599,28.0720307804599,28.0720307804599,28.0720307804599
344,"HKG","Hong Kong",28.3599406399461,28.3599406399461,28.3599406399461,28.3599406399461,28.3599406399461,28.1450017915248,31.5419076030218,29.0445132623535,22.1730683514494,23.5767041619505,25.1716081299817,34.7239737827698,43.310858420953,44.6472930240331,43.6658993569166,46.2384419530984,48.9857813371928,51.318760998137,48.8958829581793,47.4866027779805,47.0630832060034,47.4897293005657,47.1195758923414,47.1251124165269,50.1991452352828,50.1991452352828,50.1991452352828,50.1991452352828
348,"HUN","Hungary",61.5686827145717,61.5686827145717,61.5686827145717,61.5686827145717,61.5686827145717,61.5686827145717,59.8224225266214,64.0414981327358,60.6528695369316,61.8265666069626,59.1939993677715,54.6040520628187,51.7455016674704,51.9023316110345,56.0953759992502,60.2849360297719,63.6096837389487,68.8562244219498,68.3109400575119,74.4026458708625,75.0424585467602,72.331377563411,63.9409162407522,53.3072834342434,49.5522264975041,49.5522264975041,49.5522264975041,49.5522264975041
352,"ISL","Iceland",30.338581884326,30.338581884326,30.338581884326,30.338581884326,30.338581884326,30.338581884326,30.338581884326,30.338581884326,30.338581884326,30.338581884326,33.3908243488393,32.4373727708716,32.3837553356282,29.9315049617299,29.8146293682989,30.7485261543433,33.5915247108413,35.2281155545305,38.1222804657594,42.173613628386,47.0204552802978,50.7734667710143,51.2534735973422,48.7698121475639,49.0872256378271,49.0872256378271,49.0872256378271,49.0872256378271
356,"IND","India",14.0257625474536,14.0257625474536,14.0257625474536,14.0257625474536,14.0257625474536,15.6849624123013,18.710206367975,22.1381502206383,25.5934347490532,27.4808163026478,27.9262180715499,26.0034692228022,23.2602112380112,19.5301091606652,13.2731813810252,9.38303722871613,7.08568704769544,5.5551481180367,6.77507890225027,6.70306264861139,7.9875938527222,10.7839778811499,14.1900926353571,16.1648390946115,17.6115622130936,17.6115622130936,17.6115622130936,17.6115622130936
360,"IDN","Indonesia",18.4850126087092,18.4850126087092,18.4850126087092,18.4850126087092,18.4850126087092,26.5054224141777,28.2513078279772,27.5148627336843,25.4122436489283,23.4146035238781,23.6999825121416,21.3218495054219,14.0193591984837,17.2310463468931,17.2221754021453,19.8455032619206,15.8159308993755,13.2479740627795,22.636768957786,30.7552472929293,32.677955082053,32.7981962647036,35.1007216960459,32.587463530819,27.3757072412999,27.3757072412999,27.3757072412999,27.3757072412999
364,"IRN","Iran",14.8455022584823,14.8455022584823,14.8455022584823,14.8455022584823,14.8455022584823,12.350860737531,9.1342220470703,9.42213973173735,11.195715213855,9.7616546497633,9.46894573928077,10.0092401898966,15.9574475498143,19.8820883423666,18.1898737657066,19.0352549007659,20.1222804008157,22.7882841001359,26.6675619721205,28.3622285711598,30.6247350591555,31.6058447653383,31.5648423497118,30.0137497370363,28.2123704242558,28.2123704242558,28.2123704242558,28.2123704242558
368,"IRQ","Iraq",15.676669413462,15.676669413462,15.676669413462,15.676669413462,15.676669413462,24.0309838217576,29.0976300499184,28.8082280359588,27.900583587533,21.8886801026598,16.7912410441613,22.8777021500911,47.3713983503887,52.2982072191852,53.6210678700197,51.5021663946588,40.5858885516843,26.8107723415448,12.6926649321414,0,0,0,0,0,1.8666325266606,1.8666325266606,1.8666325266606,1.8666325266606
372,"IRL","Ireland",31.2656791201898,31.2656791201898,31.2656791201898,31.2656791201898,31.2656791201898,27.5298856961253,23.7935193902418,24.1539125149811,27.6196595519518,31.0968406139955,35.9365542243001,40.8156631624828,43.859173671518,47.4283534413863,52.2648739206112,57.4041007351242,61.1936410821527,62.8048689257852,67.8203678417811,72.7488783662034,68.8807754032055,66.4168135553038,61.4579656256088,55.7281497149639,53.0933287279964,53.0933287279964,53.0933287279964,53.0933287279964
833,"IMN","Isle of Man",-8888,-8888,-8888,-8888,-8888,-8888,-8888,-8888,-8888,-8888,-8888,-8888,-8888,-8888,-8888,-8888,-8888,-8888,-8888,-8888,-8888,-8888,-8888,-8888,-8888,-8888,-8888,-8888
376,"ISR","Israel",34.769861131118,34.769861131118,34.769861131118,34.769861131118,34.769861131118,34.769861131118,34.769861131118,34.769861131118,34.769861131118,34.769861131118,40.0191084673005,41.7038962716721,42.2794198614538,40.2989115516369,43.1664132380266,41.225052679924,37.8526945878495,35.0232640961663,36.6310888699275,41.7875444489019,47.0360843158282,50.4076258310535,53.2746718048117,53.2183563278786,55.796128713926,55.796128713926,55.796128713926,55.796128713926
380,"ITA","Italy",46.208862744532,46.208862744532,46.208862744532,46.208862744532,46.208862744532,44.9606733559735,43.7184338263092,43.2138803317035,42.7267568533427,43.4355267729465,42.6513016174586,43.5367026245658,45.1687121892016,47.7561238798554,52.502815844683,54.8670443433248,58.971664896326,59.8872096275703,57.5172346771895,53.9914814975699,52.3385146082773,53.1607280970756,57.1206898025462,61.9232556111461,64.6131962214924,64.6131962214924,64.6131962214924,64.6131962214924
388,"JAM","Jamaica",25.2306042189876,25.2306042189876,25.2306042189876,25.2306042189876,25.2306042189876,25.4931246698026,26.3798940106257,31.471530597547,35.3697977126688,40.8181941972085,43.6230895881366,41.1584848234273,41.3974912352354,43.5001705429447,52.3141306707105,56.1657416639323,56.7445091054175,57.2687895108814,53.5596150694524,55.1376061753958,56.4740740347802,55.1149525562388,56.1242676216311,49.600596992377,48.4836300355931,48.4836300355931,48.4836300355931,48.4836300355931
392,"JPN","Japan",43.5142349595337,43.5142349595337,43.5142349595337,43.5142349595337,43.5142349595337,43.6789709990393,44.8851632977211,45.4340168828583,46.8228444384251,46.0052424702576,45.9428657249957,45.5556333300303,45.1423506853065,47.9245548401382,51.4464798268628,52.3802101144886,53.8113430540763,53.3859813642647,51.7732612833316,50.6572014022553,51.3471045491185,52.1571068333673,51.8664487845269,52.7521252116277,62.9728933178586,62.9728933178586,62.9728933178586,62.9728933178586
832,"JEY","Jersey",-8888,-8888,-8888,-8888,-8888,-8888,-8888,-8888,-8888,-8888,-8888,-8888,-8888,-8888,-8888,-8888,-8888,-8888,-8888,-8888,-8888,-8888,-8888,-8888,-8888,-8888,-8888,-8888
400,"JOR","Jordan",22.6382850391988,22.6382850391988,22.6382850391988,22.6382850391988,22.6382850391988,24.0436450681538,30.0521576068664,29.1948435379408,30.9766293482663,26.6831270552493,22.0613163746014,18.8568241300022,16.5623215784945,18.3464048792772,22.1242356311545,27.3412291288045,32.7329207318518,34.0765739912391,37.0581796569127,35.1891137464532,32.9077158202152,34.055980047087,32.3736770457671,42.0951173315803,49.5771238011594,49.5771238011594,49.5771238011594,49.5771238011594
398,"KAZ","Kazakhstan",63.0872124700943,63.0872124700943,63.0872124700943,63.0872124700943,63.0872124700943,75.4353657149998,80.8768414768855,75.2956495004984,62.77002184741,42.3159154432553,25.6412818185966,13.1658894791902,2.43661298180922,0,1.5302017708092,4.73468635129117,7.16525403616765,15.5718918253793,24.2599078939975,32.4166405020615,42.6051821958557,48.2199786973365,47.672658230985,43.6479156066545,45.7219661326956,45.7219661326956,45.7219661326956,45.7219661326956
404,"KEN","Kenya",0,0,0,0,0,0,3.03909229958255,22.2325281137248,43.778146031464,61.5880715688748,74.323810137678,65.3063036931415,64.7172500792254,50.962089233255,33.627633814964,16.7340290133353,2.71229160637127,1.88773631750692,9.931364057851,15.0512784629486,13.8556769109184,11.0513971464687,14.3617966603888,18.8885798606177,18.7247604835299,18.7247604835299,18.7247604835299,18.7247604835299
296,"KIR","Kiribati",28.7847029348555,28.7847029348555,28.7847029348555,28.7847029348555,28.7847029348555,31.5798388172995,41.7943752984337,36.0473275538152,24.7206942127793,13.6577379401364,0,0,0,0,0,4.35153441776956,26.8289467947711,42.214646486919,56.8396536460235,68.8324699187689,60.7749127279789,47.8864189246054,42.8327487909379,32.5084806707335,17.8677381950597,17.8677381950597,17.8677381950597,17.8677381950597
689,"XKX","Kosovo",-8888,-8888,-8888,-8888,-8888,-8888,-8888,-8888,-8888,-8888,-8888,-8888,-8888,-8888,-8888,-8888,-8888,-8888,-8888,-8888,-8888,-8888,-8888,-8888,-8888,-8888,-8888,-8888
414,"KWT","Kuwait",24.1059900767002,24.1059900767002,24.1059900767002,24.1059900767002,24.1059900767002,24.1059900767002,24.1059900767002,42.0331818521006,41.9631559236927,36.1461100767201,27.9810649337395,24.7663702242756,19.7283204294094,17.3418496127304,15.420965892274,16.1461254825169,19.0113005306005,19.7445122996339,24.6227310583173,32.3153054311871,35.2436251088446,36.8848578739746,39.0316848381989,39.7139088327577,39.8875931901842,39.8875931901842,39.8875931901842,39.8875931901842
417,"KGZ","Kyrgyzstan",63.3875555909451,63.3875555909451,63.3875555909451,63.3875555909451,63.3875555909451,71.2932655046844,93.990383485396,89.3035252224147,67.2865917278405,50.1552819877878,52.1923116087269,46.1698496755531,34.0281728098503,14.9033328256154,12.2725644072659,15.4309001229034,22.650484320763,14.3212983965768,8.99736646385341,3.291049508779,3.77220515852076,12.8494532733584,20.006906143082,14.9968795642387,20.4597618258642,20.4597618258642,20.4597618258642,20.4597618258642
418,"LAO","Laos",11.058850903364,11.058850903364,11.058850903364,11.058850903364,11.058850903364,9.60242984307273,6.73637545796403,2.45402021290158,0.34727490374749,0.62678045668352,2.48873826960164,0,0,0,0,0,0,0,0,0,0,0,0,0,0,0,0,0
428,"LVA","Latvia",76.326174245599,76.326174245599,76.326174245599,76.326174245599,76.326174245599,76.326174245599,76.326174245599,76.326174245599,76.326174245599,76.326174245599,63.6053735916172,50.3699005043633,41.2275739734605,35.6419507922913,38.576353378481,39.7610352148415,43.0385427462337,48.9027556002893,52.4573974086507,57.8095835825462,62.584521798053,65.0731914997111,68.7059536620399,67.3922670840574,63.9551348141491,63.9551348141491,63.9551348141491,63.9551348141491
422,"LBN","Lebanon",0,0,0,0,0,0,6.85792314501285,14.2919742612424,18.0529740666805,25.9428822143291,34.019389497023,47.123198331921,57.6912018434132,53.0254018874998,43.5331883705432,40.1341768523196,35.6699214926145,29.7893277022778,20.7977324532494,13.4245851020718,7.83477447947224,10.0762407526908,18.7850210208445,35.2717946286062,43.7753648437662,43.7753648437662,43.7753648437662,43.7753648437662
426,"LSO","Lesotho",34.392036942747,34.392036942747,34.392036942747,34.392036942747,34.392036942747,36.1559490317861,37.8962563340792,39.0088549995682,39.6570376352354,39.6637438121231,39.708244343259,39.712969263775,39.494366251359,38.9261451928133,37.6754891023909,36.290064649866,35.2868494851573,34.2357099846724,33.8929224129337,34.0961789318999,36.9849258548271,40.1127067229226,40.8673829594125,41.1909539410688,43.468431851569,43.468431851569,43.468431851569,43.468431851569
430,"LBR","Liberia",28.4024272611186,28.4024272611186,28.4024272611186,28.4024272611186,28.4024272611186,28.4024272611186,28.4024272611186,28.4024272611186,28.4024272611186,28.4024272611186,28.4024272611186,28.4024272611186,28.4024272611186,28.4024272611186,28.4024272611186,24.1941937870017,17.8388660567933,13.2534602293076,15.4397686025377,4.50933944354058,0,0,0,0,4.19806997422859,4.19806997422859,4.19806997422859,4.19806997422859
434,"LBY","Libya",45.570233466994,45.570233466994,45.570233466994,45.570233466994,45.570233466994,45.570233466994,45.570233466994,45.570233466994,45.570233466994,45.570233466994,45.570233466994,45.570233466994,45.570233466994,45.570233466994,46.1407950274069,42.8974152859713,52.8137058056984,53.751788265514,52.8011549815265,51.2832296520427,52.0911066823711,52.5891367353952,52.40200519691,51.2184665973572,51.9492110956502,51.9492110956502,51.9492110956502,51.9492110956502
438,"LIE","Liechtenstein",-8888,-8888,-8888,-8888,-8888,-8888,-8888,-8888,-8888,-8888,-8888,-8888,-8888,-8888,-8888,-8888,-8888,-8888,-8888,-8888,-8888,-8888,-8888,-8888,-8888,-8888,-8888,-8888
440,"LTU","Lithuania",79.4372964301969,79.4372964301969,79.4372964301969,79.4372964301969,79.4372964301969,79.4372964301969,79.4372964301969,79.4372964301969,79.4372964301969,79.4372964301969,70.6354802195829,58.6659980238267,45.7483677917282,32.25962335819,34.8586960620589,42.4965217995517,42.8794276806388,44.0927804549484,50.184991570565,52.9273732347572,53.4793040756996,56.0146197223263,50.8999448914507,43.3380612264507,44.8143038884781,44.8143038884781,44.8143038884781,44.8143038884781
442,"LUX","Luxembourg",100,100,100,100,100,100,86.4521272184165,64.906219956179,47.7740320491459,30.2961740450103,21.5849937449543,15.8882843460556,16.43755624796,23.2264435974862,33.0705702599354,39.8368502931321,46.6984919351156,53.1734975295753,66.0145128941259,70.6031139905856,73.6976457010893,76.8492055310447,78.255737141026,73.9517203694928,70.3139102040974,70.3139102040974,70.3139102040974,70.3139102040974
446,"MAC","Macao",14.6636116923517,14.6636116923517,14.6636116923517,14.6636116923517,14.6636116923517,15.5727110372887,16.1370060178175,24.1286334772717,30.4274506366437,31.5442210849636,34.3635126183692,38.6691104128608,47.3122225619253,60.9171909626643,53.4494849993271,62.7456714539745,66.5772000494148,81.1931451234303,98.2709166539335,84.3840233314034,51.2608788790414,39.1563956220639,31.2167388868503,29.2369310889653,0,0,0,0
450,"MDG","Madagascar",0,0,0,0,0,0,0,21.9244729896707,33.1363405223653,36.8513799145815,42.9694992631809,50.7208429862424,50.3567389152938,46.5580271702778,42.8908549382397,34.1601844340547,21.4988487438093,21.2033242936053,8.45511889421053,0,0,0,0,0,0,0,0,0
454,"MWI","Malawi",33.6041251546793,33.6041251546793,33.6041251546793,33.6041251546793,33.6041251546793,40.7125361502825,49.2635276582055,53.9020939060756,52.1410492039325,50.4184252146561,48.6929134549019,46.2408447803746,42.0021832850712,35.0063040570125,29.2535237587893,29.5691842970653,32.5323662147119,34.4188806132889,34.2468188331906,39.7664733347066,42.8092429724026,40.2720458275514,38.3069062908727,31.9167345327201,26.9655567109273,26.9655567109273,26.9655567109273,26.9655567109273
458,"MYS","Malaysia",0,0,0,0,0,5.11140537490508,10.4838928159354,16.8665854171074,15.70360619603,14.7816036087275,8.76575340066449,7.00414644003584,4.68249234338319,5.75164856762542,14.7343302365658,19.036314919318,24.0443215831459,29.5130919327659,28.5352656763215,25.8992293628878,26.4113533708095,26.7190268921244,29.2616905981099,28.8477290806397,30.7112868277012,30.7112868277012,30.7112868277012,30.7112868277012
462,"MDV","Maldives",0,0,0,0,0,0,0,0,0,0,0,0,0,0,0,0,3.34622166026482,0,6.07588563750302,0.809523878695046,6.48724922300592,3.96124665461541,4.0214824500585,5.0372460125635,7.81045391658702,7.81045391658702,7.81045391658702,7.81045391658702
466,"MLI","Mali",7.31001730175961,7.31001730175961,7.31001730175961,7.31001730175961,7.31001730175961,0,0,0,0,1.89001131821679,10.9790575962199,17.514710651008,20.318319203365,7.97607166133776,0,0,0,0,0,0,0,0,0,0.662858354528851,5.35747481452094,5.35747481452094,5.35747481452094,5.35747481452094
470,"MLT","Malta",48.487464552955,48.487464552955,48.487464552955,48.487464552955,48.487464552955,52.9423458981496,52.6958581864282,59.0337896606385,46.3112291475536,40.2126930778001,36.9805433657551,37.7713093588997,32.8899377188515,36.9710352188301,39.8081396434962,46.2987645941164,47.717988394055,50.7538379702659,56.447029411872,62.1870201452558,84.7573359197812,100,100,100,87.4830307435484,87.4830307435484,87.4830307435484,87.4830307435484
584,"MHL","Marshall Islands",35.9459291535049,35.9459291535049,35.9459291535049,35.9459291535049,35.9459291535049,35.3467061376509,33.5001527426607,32.0842733496909,30.8724407796715,27.8842865122251,26.6085432370279,25.2533407370088,25.3226237277907,25.5387623833791,29.2359384251578,29.8202519494228,30.4163889855378,31.3101310316206,34.8031811018252,35.0221534965372,38.0398107718742,40.2251090503731,41.304148552225,41.661086827345,29.5302076355679,29.5302076355679,29.5302076355679,29.5302076355679
478,"MRT","Mauritania",29.6018527408756,29.6018527408756,29.6018527408756,29.6018527408756,29.6018527408756,31.2228294128731,32.2788876124834,31.3813628239414,30.8939341397297,29.2651436927442,26.5294561615298,21.5599696902339,14.3962351533157,10.1953935185317,6.06436546921589,6.4156050472324,6.36927454535817,3.95269201240284,10.3249502600656,11.1063229000929,9.6711537391421,11.9210333755028,2.96976857178466,2.94811874567299,2.40693225201535,2.40693225201535,2.40693225201535,2.40693225201535
480,"MUS","Mauritius",16.7257559282973,16.7257559282973,16.7257559282973,16.7257559282973,16.7257559282973,12.3850443544353,8.97241652233333,5.02727506717622,1.45762424110718,6.48172261685389,8.90251494376878,9.58902746003169,13.6993632269338,18.3507192109963,23.1849130568621,24.7771797811762,26.5776786175204,30.1108664064692,32.6280575958165,35.7793993860156,38.6301040290719,37.991839549906,36.5070352840541,35.325747862321,35.6508627453342,35.6508627453342,35.6508627453342,35.6508627453342
484,"MEX","Mexico",33.0116273297838,33.0116273297838,33.0116273297838,33.0116273297838,33.0116273297838,32.8081906789389,32.1120490398294,32.9615664393422,32.6645182474144,32.7677947418292,34.79354276848,35.6787105892971,34.8796868990509,31.3606160264992,31.9491722129675,35.3247904397671,37.9731735551266,41.152756080208,43.5073477978563,47.2062402504898,50.4207902561332,52.5822743483079,55.7688610985428,54.7327159557524,56.9761766594134,56.9761766594134,56.9761766594134,56.9761766594134
583,"FSM","Micronesia",28.4359416367581,28.4359416367581,28.4359416367581,28.4359416367581,28.4359416367581,29.8167328113943,27.5189054893042,27.8665169709949,27.6191504440966,30.0255337472163,37.7391129487891,45.8440473651461,48.5930652967462,55.9241046273539,55.2741757889458,64.6788481642055,66.0662499941322,63.310845805336,54.4360500165577,44.2789471386708,40.2895760784124,37.6365902775639,32.4241351104909,35.0455641532661,14.1096077627022,14.1096077627022,14.1096077627022,14.1096077627022
498,"MDA","Moldova",100,100,100,100,100,100,100,100,100,100,94.675044623329,63.9609980557648,48.6694755393865,29.456019524714,27.528550414662,34.702860225594,40.7550843695866,47.514319935629,51.0365208351176,56.2705598885053,56.4844718624083,53.4270488736836,49.6374676989776,36.9251595776925,33.936656655427,33.936656655427,33.936656655427,33.936656655427
492,"MCO","Monaco",-8888,-8888,-8888,-8888,-8888,-8888,-8888,-8888,-8888,-8888,-8888,-8888,-8888,-8888,-8888,-8888,-8888,-8888,-8888,-8888,-8888,-8888,-8888,-8888,-8888,-8888,-8888,-8888
496,"MNG","Mongolia",90.6011699184472,90.6011699184472,90.6011699184472,90.6011699184472,90.6011699184472,100,84.8960533597665,58.7890916921123,49.2639580200803,45.4417865571778,42.2629152019682,35.2810181372461,22.6582492428726,13.665259464053,6.06415133973813,1.34002777221812,0,0,0,0,0,0,0,0,0,0,0,0
499,"MNE","Montenegro",29.7321595354489,29.7321595354489,29.7321595354489,29.7321595354489,29.7321595354489,29.7321595354489,29.7321595354489,29.7321595354489,29.7321595354489,29.7321595354489,29.7321595354489,29.7321595354489,27.4104262083586,16.0781782456416,42.6481556787845,47.3972510349298,47.4680535434601,49.484915680526,50.2942516046513,48.7053109059522,47.2490934380495,52.0169550848619,56.6660078753036,47.2015764725664,54.6541398209899,54.6541398209899,54.6541398209899,54.6541398209899
504,"MAR","Morocco",24.2828600741616,24.2828600741616,24.2828600741616,24.2828600741616,24.2828600741616,26.7748690154568,26.0317547804735,26.2770708310669,27.2170793069443,23.114852163245,19.2678015887226,16.6808823760937,14.909688113451,14.1460870825947,16.2766706916149,18.1766893904084,19.1442050483956,21.2812805643495,27.9643069403175,31.1925566517003,33.475067543408,36.4165399964287,36.8926970519175,36.1774938351781,34.6304204261838,34.6304204261838,34.6304204261838,34.6304204261838
508,"MOZ","Mozambique",38.3168260359783,38.3168260359783,38.3168260359783,38.3168260359783,38.3168260359783,31.6279900599573,15.4696187084073,5.16689132509084,0,0,0,0,0,0,0,9.19194821228565,9.02361344477616,14.9876788163153,7.45385140320106,0,0,0,0,0,0,0,0,0
104,"MMR","Myanmar",0,0,0,0,0,0,0.215081318734008,9.81849306355224,18.3321571874104,15.4855149630923,15.8548090164063,14.8289497089472,16.9864470434169,29.5555713919593,37.515863133478,31.7995605028208,29.8739740425012,38.1240113147509,42.7414460445911,31.696170169392,14.3521986790453,0,0,0,0,0,0,0
516,"NAM","Namibia",3.34478611718532,3.34478611718532,3.34478611718532,3.34478611718532,3.34478611718532,16.6646590802661,22.4414912702872,34.2506139594786,38.9015980562902,38.3767265620471,32.5876645043368,26.8231486612268,21.6202348448841,5.01256093064544,0.839606672059006,2.30064197701263,3.70261159822509,7.10063101951582,22.8485569727611,25.3895316588478,24.3076780928092,25.2886266128542,28.227861608524,19.7220491333695,18.6839275267805,18.6839275267805,18.6839275267805,18.6839275267805
520,"NRU","Nauru",76.3367308018619,76.3367308018619,76.3367308018619,76.3367308018619,76.3367308018619,76.3367308018619,76.3367308018619,76.3367308018619,76.3367308018619,76.3367308018619,76.3367308018619,76.3367308018619,76.3367308018619,76.3367308018619,76.3367308018619,76.3367308018619,76.3367308018619,76.3367308018619,76.3367308018619,54.194632332826,35.2653221131647,37.5866913028638,37.0741969919109,36.0605356410105,27.4060860658472,27.4060860658472,27.4060860658472,27.4060860658472
524,"NPL","Nepal",0,0,0,0,0,0,0,5.08850925991752,20.3309335359359,39.7433429348387,42.3394312529277,52.7244696282919,57.4986763487161,60.4985561846879,40.4786937572586,21.4388971778526,0,0,0,0,0,0,0,0,0,0,0,0
528,"NLD","Netherlands",43.1313409227916,43.1313409227916,43.1313409227916,43.1313409227916,43.1313409227916,44.9505432648903,44.9392514431002,45.8589286411135,46.6280091117826,47.4683515028589,48.27695489839,47.8353900164854,48.5561697535288,49.2761634368829,51.9583336253211,51.4148363677558,53.5776819983024,55.9102770534633,57.4827068438405,59.2561472219234,60.0876627781064,60.6181775676245,60.6015623196119,63.0370675362423,65.7444539788871,65.7444539788871,65.7444539788871,65.7444539788871
540,"NCL","New Caledonia",-8888,-8888,-8888,-8888,-8888,-8888,-8888,-8888,-8888,-8888,-8888,-8888,-8888,-8888,-8888,-8888,-8888,-8888,-8888,-8888,-8888,-8888,-8888,-8888,-8888,-8888,-8888,-8888
554,"NZL","New Zealand",23.8405951702435,23.8405951702435,23.8405951702435,23.8405951702435,23.8405951702435,24.0037650803682,24.3855946843301,27.0652082014414,29.8888474617979,33.9713615521401,39.5553492666284,44.8348575193932,47.4738296869405,51.5351765513357,55.7742952450772,59.3800955074427,59.6349029545743,53.4470246332017,51.0301475868736,46.8651841347423,44.1518802164496,43.6199012157551,42.8866568938597,42.3587178421543,42.1940985777855,42.1940985777855,42.1940985777855,42.1940985777855
558,"NIC","Nicaragua",5.34100235361601,5.34100235361601,5.34100235361601,5.34100235361601,5.34100235361601,4.13476228963538,7.3401627757809,7.44948586194973,10.5871068219416,14.3595350759493,19.4621773402183,25.0598497952621,29.0223082130138,33.9119368256286,37.5184944076486,41.1367119766154,41.4680483639524,44.6824805628038,46.7867065627148,46.6103151057129,43.1646094021463,38.3346687112035,33.7930109221265,31.5260858689769,26.5252450910461,26.5252450910461,26.5252450910461,26.5252450910461
562,"NER","Niger",31.0183613285101,31.0183613285101,31.0183613285101,31.0183613285101,31.0183613285101,30.1576795410885,34.7265188127424,41.9377742550559,39.9348128727821,38.7690495727611,45.1002432462482,48.8446696067157,51.7964062145469,47.1443561576677,38.8050724945144,24.8611858467739,12.9974015441543,0,0,0,0,0,0,0,5.44371222593615,5.44371222593615,5.44371222593615,5.44371222593615
566,"NGA","Nigeria",44.6527182973505,44.6527182973505,44.6527182973505,44.6527182973505,44.6527182973505,44.5079862632836,42.2543088497144,42.6623277404332,39.0910492634653,43.4276425903722,45.4741628744229,46.5749323165726,51.1761343132646,58.3106483708399,78.6967937091466,59.8583221740938,42.402285678135,39.4578879774954,30.5415413987279,23.5611021678981,20.5863819119682,21.9479988414003,25.3492817173165,26.0622623073456,37.4075130362963,37.4075130362963,37.4075130362963,37.4075130362963
570,"NIU","Niue",-8888,-8888,-8888,-8888,-8888,-8888,-8888,-8888,-8888,-8888,-8888,-8888,-8888,-8888,-8888,-8888,-8888,-8888,-8888,-8888,-8888,-8888,-8888,-8888,-8888,-8888,-8888,-8888
408,"PRK","North Korea",-8888,-8888,-8888,-8888,-8888,-8888,-8888,-8888,-8888,-8888,-8888,-8888,-8888,-8888,-8888,-8888,-8888,-8888,-8888,-8888,-8888,-8888,-8888,-8888,-8888,-8888,-8888,-8888
807,"MKD","North Macedonia",53.9645422893274,53.9645422893274,53.9645422893274,53.9645422893274,53.9645422893274,40.683246592425,37.4428221681452,39.304427165618,43.6068641818088,48.2984740649295,52.4892469469232,53.7963450997381,70.8480620812036,72.5879377371814,84.1145507985868,89.3443052557474,82.8747443397891,85.7019171962424,89.2376802861328,91.4272839288341,92.1656020853864,90.2727716666724,85.6286947005213,83.5782351473332,74.7820451453744,74.7820451453744,74.7820451453744,74.7820451453744
578,"NOR","Norway",35.5653194988938,35.5653194988938,35.5653194988938,35.5653194988938,35.5653194988938,34.0900829709972,32.8568523402732,36.7953572742881,32.8547659370987,33.6650873330474,36.3873323620177,40.3433234471638,42.6094831450058,36.8947611772021,31.9594065520984,33.3211231413481,39.0031481910607,46.8403008765744,46.5023432396514,48.737574648951,52.8002827628108,65.0377461190845,68.7541257693934,57.3428572081051,49.339935108573,49.339935108573,49.339935108573,49.339935108573
512,"OMN","Oman",24.3772554075732,24.3772554075732,24.3772554075732,24.3772554075732,24.3772554075732,19.390087761414,20.3206743656149,17.2634320422199,6.18770867599183,4.78709799397463,0,0,0,0,0,0,0,0,0,0,6.24940317657298,9.82742521018366,9.56482951164301,14.2752833070642,23.4346496404151,23.4346496404151,23.4346496404151,23.4346496404151
586,"PAK","Pakistan",17.8504615945146,17.8504615945146,17.8504615945146,17.8504615945146,17.8504615945146,17.9207085229361,21.2883664944591,23.7187224499393,24.8530327873351,22.3899354209011,22.2855155247105,18.8817077009989,16.0149796570645,15.1675893494635,16.9829818671374,20.1398074915601,25.5873997368304,31.6113713093764,39.38535908051,43.9959863856816,44.9367964417688,38.6162094552628,26.3558384791657,15.7441712765642,8.75788736050427,8.75788736050427,8.75788736050427,8.75788736050427
585,"PLW","Palau",49.5346081640971,49.5346081640971,49.5346081640971,49.5346081640971,49.5346081640971,49.5346081640971,49.5346081640971,49.5346081640971,49.5346081640971,49.5346081640971,49.5346081640971,49.5346081640971,49.5346081640971,49.5346081640971,49.5346081640971,50.4431668422697,50.2547016788051,50.3149045787583,50.7753166032767,50.6007032005677,50.5061170999652,50.0323227591708,41.767936397585,40.7904200944482,29.8030946714267,29.8030946714267,29.8030946714267,29.8030946714267
591,"PAN","Panama",0,0,0,0,0,7.2498945588451,6.5646401375174,6.44486071645764,11.2275378332493,17.9405771831135,27.0780979042592,28.958022979002,34.0889238073364,31.2647235007472,27.234936969607,22.8864186823868,9.91464893083709,8.87194718914675,4.23533634580251,9.67155804057424,12.7534960375892,17.1169469934569,20.7909363268103,29.0881101408538,30.6776298627242,30.6776298627242,30.6776298627242,30.6776298627242
598,"PNG","Papua New Guinea",26.3596953503634,26.3596953503634,26.3596953503634,26.3596953503634,26.3596953503634,22.2966203663346,15.6580350844002,8.71745795598254,1.83161501024018,0,0,0,0,0,0,16.8312434457225,28.2989232931122,40.6055851571472,48.0284387830686,44.4967543613028,41.6388953518283,37.9427480887444,28.4357107316819,25.0380746670847,13.1045512686923,13.1045512686923,13.1045512686923,13.1045512686923
600,"PRY","Paraguay",0,0,0,0,0,5.14805619345073,24.0784564069425,36.7299681679643,45.4177579145741,49.7796732379271,50.9540706374043,53.2577621499037,51.8134669401038,46.0336193747762,37.3087343756417,33.3940928246792,29.848763606412,27.2750107855197,24.7630332278628,22.1301973028789,21.1610784480377,16.1219005205915,10.3062710974586,13.0859261140313,17.2168387305246,17.2168387305246,17.2168387305246,17.2168387305246
604,"PER","Peru",23.9656781155189,23.9656781155189,23.9656781155189,23.9656781155189,23.9656781155189,24.6324558985123,33.2257216989525,42.1187596231034,47.4540535049497,48.2745481453961,46.3325622194829,49.2403987125501,41.3262312526936,33.6462493978114,21.3677995590881,9.69811262635936,7.10827453799709,5.7371143314374,12.5451657980794,12.2453424034578,13.5919620384648,19.779233717899,22.5112418749049,25.7800217974093,27.5736534418936,27.5736534418936,27.5736534418936,27.5736534418936
608,"PHL","Philippines",8.66579834383953,8.66579834383953,8.66579834383953,8.66579834383953,8.66579834383953,12.0505092335179,18.824825118122,24.7318408223868,33.1157932675181,38.6138511991892,41.6691536745251,48.8063113528824,48.4469431398354,46.4001267468818,45.6296038528428,40.3755846888992,36.9943450668864,33.0387934902261,28.0803048365663,21.97971270714,14.4327650753226,11.6258400604553,7.56883109585291,3.43396054584728,2.82180778273715,2.82180778273715,2.82180778273715,2.82180778273715
616,"POL","Poland",65.8128063050479,65.8128063050479,65.8128063050479,65.8128063050479,65.8128063050479,70.0719233195923,71.9035313482146,74.467273862953,72.4756948975331,72.793864290122,68.9381674628885,57.5710750715229,50.3205828088655,47.4022543661887,47.7122643794237,47.4182946912473,46.9984705687002,49.7233490884567,51.130709370144,55.8782028308842,61.7849413351581,58.5541775105363,54.1360468747162,49.9396488920894,52.2312571058173,52.2312571058173,52.2312571058173,52.2312571058173
620,"PRT","Portugal",25.7945387455409,25.7945387455409,25.7945387455409,25.7945387455409,25.7945387455409,25.3545361532999,26.4354568885916,23.8004335029211,27.8892258949954,32.157283428802,33.5608301328227,41.4009259437661,49.2630722674063,58.4963076069806,63.142975551402,74.2916708827816,83.1217735589478,75.0679872459771,68.4220662075661,60.2282039501425,54.0869049009705,52.3133277474184,51.259049703614,50.6087338600318,48.9286353089386,48.9286353089386,48.9286353089386,48.9286353089386
634,"QAT","Qatar",15.0821924414511,15.0821924414511,15.0821924414511,15.0821924414511,15.0821924414511,15.0821924414511,15.0821924414511,15.0821924414511,15.0821924414511,15.0821924414511,15.0821924414511,15.0821924414511,15.0821924414511,15.0821924414511,15.0821924414511,11.7258950965543,3.70102959833959,0,0,0,0,0,5.84630216141898,20.6863013050706,32.4815018545141,32.4815018545141,32.4815018545141,32.4815018545141
178,"COG","Republic of Congo",8.51141026054731,8.51141026054731,8.51141026054731,8.51141026054731,8.51141026054731,9.89449490162642,14.6669296085367,36.1811722649615,50.3441052642041,59.5774475264881,65.9345790056767,54.8888046734272,44.7844674695513,43.375062287304,35.9762236547298,23.177704146425,14.9979416096774,26.2654364224652,25.3156735231517,30.2335385908423,29.9662031942907,26.6301998874033,32.5089650028521,36.6318445383188,43.791506581078,43.791506581078,43.791506581078,43.791506581078
642,"ROU","Romania",74.6528306793174,74.6528306793174,74.6528306793174,74.6528306793174,74.6528306793174,81.8317626128101,84.9585165990223,78.9176815194749,70.3912472841496,66.4428241455274,61.9502487136356,50.8749515699194,43.6071698726486,43.1220722446711,53.3249069779389,67.1531487651318,72.6039950571093,77.971087389537,86.6246675844625,95.5054739438268,97.3341779098702,91.3274583330807,77.6635567220578,66.0003173798659,61.4170887994841,61.4170887994841,61.4170887994841,61.4170887994841
643,"RUS","Russia",51.1051991300332,51.1051991300332,51.1051991300332,51.1051991300332,51.1051991300332,53.3133472517189,54.704168649924,54.6885808757021,51.120810439688,47.9181785778981,44.6466843110054,41.6537566914703,41.6232697660068,42.5298336882945,45.7804828450326,47.0295658216959,46.4701354680111,46.7821702112079,47.5100617747603,48.2176615373626,48.851774419706,48.0637769954564,47.8411205700668,45.9261954023245,47.7067929359367,47.7067929359367,47.7067929359367,47.7067929359367
646,"RWA","Rwanda",50.0791529873501,50.0791529873501,50.0791529873501,50.0791529873501,50.0791529873501,43.1807429180743,40.8282029472341,38.5776107168919,37.5891519638466,38.7263125593955,41.6404441400718,44.7709705103531,45.5899610831084,47.6650971909042,46.5019607186711,43.9348442656988,37.6638782761094,29.3516313219961,21.3537012226611,14.5216075356285,6.54688715251028,0,0,0,0,0,0,0
652,"BLM","Saint Barthelemy",-8888,-8888,-8888,-8888,-8888,-8888,-8888,-8888,-8888,-8888,-8888,-8888,-8888,-8888,-8888,-8888,-8888,-8888,-8888,-8888,-8888,-8888,-8888,-8888,-8888,-8888,-8888,-8888
659,"KNA","Saint Kitts and Nevis",17.4250907102068,17.4250907102068,17.4250907102068,17.4250907102068,17.4250907102068,13.4743805656437,12.6942840058495,10.0040017966968,11.0099407528523,10.806211632253,15.5113187452238,21.6519826605485,24.9672896221261,29.5325095018568,32.7431470297136,36.1635278212885,38.9611828787968,40.4913919653669,42.2131554497788,40.4229038134558,42.0888189606484,43.6331956048028,42.1733553509843,40.7400858919551,37.8972426701312,37.8972426701312,37.8972426701312,37.8972426701312
662,"LCA","Saint Lucia",0,0,0,0,0,0,2.96629065407497,30.8791443704561,35.2750516906758,38.7235025816891,40.3335994975897,37.456477027626,46.2253385736357,55.5786450962231,57.5368840608588,51.3620018509968,49.8532812692888,60.2275685962909,58.4432126362528,49.6992697607475,45.8270758042926,41.3906216355997,44.1820539506541,46.162115372343,44.4506739527261,44.4506739527261,44.4506739527261,44.4506739527261
670,"VCT","Saint Vincent and the Grenadines",0,0,0,0,0,0,2.80355222857555,10.5076229666715,13.4464091737357,10.5266848163353,9.71057699154012,13.0504901191534,13.5725842648779,21.920521573034,12.4915361588495,26.7254271163799,38.7870849653949,40.975455182561,49.7143036289591,44.4335799122931,50.068471761346,50.0882332000626,42.7021856050457,47.6211011810919,32.3004776855266,32.3004776855266,32.3004776855266,32.3004776855266
882,"WSM","Samoa",29.1461116934115,29.1461116934115,29.1461116934115,29.1461116934115,29.1461116934115,28.1195278287237,27.0464033154972,27.3307362982486,28.2728620756003,31.0820103936415,32.0486218283506,32.3433957726244,31.7524620539591,31.0669819315889,30.1704427814618,29.6217038250078,27.1790864368603,28.0819681217708,29.3289913504139,31.5205815109897,28.8904867800688,26.7858051060741,26.1251134190635,25.4513947155301,13.1178380575045,13.1178380575045,13.1178380575045,13.1178380575045
674,"SMR","San Marino",37.4603461555083,37.4603461555083,37.4603461555083,37.4603461555083,37.4603461555083,37.4603461555083,37.4603461555083,37.4603461555083,37.4603461555083,37.4603461555083,37.4603461555083,37.4603461555083,39.503937405546,42.268252342876,48.708569760031,51.3980558962369,53.1069626646928,54.4804850200093,54.2559165689385,53.4589157169201,52.9359276517166,53.878472423453,56.1987583882192,58.8997037930181,66.1191540449323,66.1191540449323,66.1191540449323,66.1191540449323
678,"STP","Sao Tome and Principe",5.7937417165718,5.7937417165718,5.7937417165718,5.7937417165718,5.7937417165718,5.7937417165718,5.7937417165718,5.7937417165718,5.7937417165718,5.7937417165718,5.7937417165718,5.7937417165718,5.7937417165718,5.7937417165718,5.7937417165718,5.7937417165718,11.9646129622184,13.9579071237858,16.2089792230205,18.1122666264194,21.4408051078999,21.6922289275719,23.6776515887811,30.6964139728103,40.2656451043435,40.2656451043435,40.2656451043435,40.2656451043435
682,"SAU","Saudi Arabia",59.1322667174226,59.1322667174226,59.1322667174226,59.1322667174226,59.1322667174226,67.7939259684318,56.198989748355,43.6384953063903,29.20081925082,8.61843374416021,1.33921273528262,0,0,5.84582646057881,14.4288802883301,12.8217774616692,16.1724207635376,15.7410242898956,20.8426048360834,18.189604815503,16.2095118285899,18.8380438524667,27.0823221865746,34.8345311910013,41.3688143805157,41.3688143805157,41.3688143805157,41.3688143805157
686,"SEN","Senegal",46.0060935517463,46.0060935517463,46.0060935517463,46.0060935517463,46.0060935517463,45.7526635685779,40.7493775761583,35.476696591498,27.4427806239076,16.1174161942134,10.3020648563196,13.6339589015576,21.4283348482118,30.9714828541082,39.8880404700115,31.8282141262457,22.1054688564899,17.4544325051249,10.2978962661585,0,0,0,0,2.91931416103499,18.1539119177764,18.1539119177764,18.1539119177764,18.1539119177764
688,"SRB","Serbia",28.2026634166467,28.2026634166467,28.2026634166467,28.2026634166467,28.2026634166467,28.2026634166467,28.2026634166467,28.2026634166467,28.2026634166467,28.2026634166467,34.7008918186179,29.9044163990311,24.9980995718489,19.5042400584002,35.5909681797309,44.273865523606,48.0668021886497,54.8605890511731,59.5030377639373,66.1149855250603,76.7402087485601,66.3614231018281,58.8839880657549,51.820522793852,47.2965673092189,47.2965673092189,47.2965673092189,47.2965673092189
690,"SYC","Seychelles",0,0,0,0,0,0,0,0,0,0,0,1.62232221746726,19.386358060751,28.4489024399121,43.9277296338761,63.9223263370018,98.7795395496889,100,100,100,100,71.0071052223261,46.9717222238728,34.3795178227887,31.4840595020457,31.4840595020457,31.4840595020457,31.4840595020457
694,"SLE","Sierra Leone",53.915268084585,53.915268084585,53.915268084585,53.915268084585,53.915268084585,52.8864292678434,58.5657669292439,46.5397409967706,11.7596947913898,0,0,0,0,0,31.3737691374777,38.5730756771534,36.698663631214,23.7721705026889,4.69711305427082,0,0,0,0,3.34657078625895,12.6998435015157,12.6998435015157,12.6998435015157,12.6998435015157
702,"SGP","Singapore",41.1483816506736,41.1483816506736,41.1483816506736,41.1483816506736,41.1483816506736,45.3629340226586,48.7386260969165,51.4723773114684,50.6155946680108,43.344060870603,58.9561862290149,67.0086034900184,54.572238058777,47.0724444326699,24.2006805279138,21.6397638766059,39.3962498368035,41.2410212904727,36.0991294797805,32.9707859062455,37.8827384437881,54.6826018024666,71.5570057422804,82.0447391876165,60.7820068428295,60.7820068428295,60.7820068428295,60.7820068428295
534,"SXM","Sint Maarten",-8888,-8888,-8888,-8888,-8888,-8888,-8888,-8888,-8888,-8888,-8888,-8888,-8888,-8888,-8888,-8888,-8888,-8888,-8888,-8888,-8888,-8888,-8888,-8888,-8888,-8888,-8888,-8888
703,"SVK","Slovakia",68.5805884141671,68.5805884141671,68.5805884141671,68.5805884141671,68.5805884141671,68.5805884141671,68.5805884141671,63.3137607062664,58.979118348558,58.2511978436489,54.607334693542,51.6755888759192,51.7176418376485,50.9173363448379,56.6558688102414,64.9298389125508,67.6460255061331,71.9005844576202,73.6989412829003,78.0396860796032,77.0299776899665,71.1234017448589,63.0745912215445,55.1688228143455,58.2071125296862,58.2071125296862,58.2071125296862,58.2071125296862
705,"SVN","Slovenia",48.2345236098626,48.2345236098626,48.2345236098626,48.2345236098626,48.2345236098626,48.2345236098626,48.2345236098626,48.2345236098626,48.2345236098626,48.2345236098626,47.895570378493,46.1712387715044,43.0883331129836,40.2188064939529,42.7841357674658,47.604353323288,50.8258157601563,54.035750287748,57.4353382604839,61.7386759194634,64.3067467877929,64.8301956795684,70.116444352312,68.6283721817145,67.2029435266379,67.2029435266379,67.2029435266379,67.2029435266379
90,"SLB","Solomon Islands",20.2546970822013,20.2546970822013,20.2546970822013,20.2546970822013,20.2546970822013,22.8301919219723,23.9442361150656,25.5685583965522,26.1392914823957,24.6530756651991,23.7096812593378,23.3649180066219,23.0556712228814,22.6091723799347,23.9241974145428,25.5684416661281,26.6249831086316,28.3593194942428,28.3918613023573,32.8548232819891,41.8814357102574,50.4171909110457,60.5772479699552,69.3785383446884,54.3133247272867,54.3133247272867,54.3133247272867,54.3133247272867
706,"SOM","Somalia",-8888,-8888,-8888,-8888,-8888,-8888,-8888,-8888,-8888,-8888,-8888,-8888,-8888,-8888,-8888,-8888,-8888,-8888,-8888,-8888,-8888,-8888,-8888,-8888,-8888,-8888,-8888,-8888
710,"ZAF","South Africa",35.5181318892372,35.5181318892372,35.5181318892372,35.5181318892372,35.5181318892372,33.2779597558528,34.2817393015542,40.5572699451257,42.394878932542,40.3691633570921,39.1040436461675,36.5170066403563,32.1744863178875,28.6976453920914,27.6200333080513,29.0132005821744,34.4803165629463,43.731373208645,49.8595143721954,50.6604312425691,59.2223282039869,63.4920123602032,62.1432922908316,59.4588448467883,54.5567773805965,54.5567773805965,54.5567773805965,54.5567773805965
410,"KOR","South Korea",13.3055756094335,13.3055756094335,13.3055756094335,13.3055756094335,13.3055756094335,16.235756798251,21.1033326889512,26.1413758308333,29.4754563507877,31.6877409926474,34.233619682193,35.2008936255259,32.5714434330084,37.0819277781928,40.5296306864117,37.034511888785,33.589617837877,30.7360726026089,29.4694368927634,28.5684905520625,30.6019924559872,32.7090109466658,34.6689975802765,36.7569813422808,41.9624121481024,41.9624121481024,41.9624121481024,41.9624121481024
728,"SSD","South Sudan",-8888,-8888,-8888,-8888,-8888,-8888,-8888,-8888,-8888,-8888,-8888,-8888,-8888,-8888,-8888,-8888,-8888,-8888,-8888,-8888,-8888,-8888,-8888,-8888,-8888,-8888,-8888,-8888
724,"ESP","Spain",34.4873131097236,34.4873131097236,34.4873131097236,34.4873131097236,34.4873131097236,31.0901292680831,28.2366234182462,24.601934325396,25.2463750647958,24.1900673081752,23.2361385955243,26.9700694493985,29.5150839136527,35.846979161317,45.1179184149101,53.5725081581261,61.8244494029182,67.8367840696086,70.4342328010399,65.6135389263405,58.8963726488891,59.9800955361576,56.925265663461,54.0018628380434,52.746594816412,52.746594816412,52.746594816412,52.746594816412
144,"LKA","Sri Lanka",0,0,0,0,0,0,0,0,0,0,6.91679788122411,12.8485171551128,18.9302120338466,27.5647945639974,32.9486633781305,33.6409463465592,30.8494946133944,26.3596706097909,27.3861453005378,19.4858576584579,11.2974301698049,2.13203772479459,0,0,0,0,0,0
275,"PSE","State of Palestine",-8888,-8888,-8888,-8888,-8888,-8888,-8888,-8888,-8888,-8888,-8888,-8888,-8888,-8888,-8888,-8888,-8888,-8888,-8888,-8888,-8888,-8888,-8888,-8888,-8888,-8888,-8888,-8888
729,"SDN","Sudan",41.6196423742653,41.6196423742653,41.6196423742653,41.6196423742653,41.6196423742653,26.7631875858928,10.7457482699725,0,0,0,0,0,0,0,0,0,0,9.50100015777107,16.5136712681018,17.2759375775657,16.3203474425158,18.8405882988841,14.4398643531526,10.4900370794796,8.45589119898355,8.45589119898355,8.45589119898355,8.45589119898355
740,"SUR","Suriname",41.9458459609755,41.9458459609755,41.9458459609755,41.9458459609755,41.9458459609755,45.9154977098855,42.5882510605144,52.6528701360585,64.8739990181814,79.7659939086154,90.1990094210138,89.5659933350671,83.2995172729553,68.8960622718812,55.1196562384488,36.6675579490973,18.6345589081399,11.1049285777991,6.88156911676957,6.32117724449711,10.8734538050545,22.0931021535233,31.9569738669301,33.8934965063538,37.8442103728967,37.8442103728967,37.8442103728967,37.8442103728967
752,"SWE","Sweden",47.9097235112277,47.9097235112277,47.9097235112277,47.9097235112277,47.9097235112277,50.538498797876,52.3159541811527,50.1510992141774,50.6372007912656,48.9036725336112,48.8268562161839,47.9271689894635,50.7334211696301,51.9011929689896,61.7997951629164,63.6977922836845,62.8956796793518,59.6072629246586,60.3219850208623,60.9969032656233,71.5428206685968,72.5557326611818,78.590206226944,81.2732498428853,87.2436572743047,87.2436572743047,87.2436572743047,87.2436572743047
756,"CHE","Switzerland",55.9707028702695,55.9707028702695,55.9707028702695,55.9707028702695,55.9707028702695,57.0356668611833,51.1688729693639,49.2337559381201,49.5676263455822,49.0611341723252,49.667425247546,49.5964084967894,51.7391633183745,50.8040494427316,49.8190270141827,53.6302112349444,55.4339310037826,58.7467676386899,57.9258555923618,64.5123667843681,66.778007967476,68.1705370568044,74.9438006469023,76.660500552243,71.6181928794522,71.6181928794522,71.6181928794522,71.6181928794522
760,"SYR","Syria",24.2782082209622,24.2782082209622,24.2782082209622,24.2782082209622,24.2782082209622,28.1564133408878,31.7432181088081,44.5768808430054,43.4519727019155,45.5821986772101,48.7283201360174,49.3803006850193,41.5895891349744,32.2669891611128,25.8476073059665,21.8784917023591,21.8784917023591,21.8784917023591,21.8784917023591,21.8784917023591,21.8784917023591,21.8784917023591,21.8784917023591,21.8784917023591,21.8784917023591,21.8784917023591,21.8784917023591,21.8784917023591
158,"TWN","Taiwan",11.3411941732831,11.3411941732831,11.3411941732831,11.3411941732831,11.3411941732831,12.3504465034451,13.9393560276997,15.7065797248493,16.6090139184777,18.5028842844307,21.2931239524963,26.4205374874543,27.3512637163105,31.0460157572136,37.3361337616671,39.2507065514644,41.4338283939107,44.6675162864155,46.9347073133975,47.4225754623078,48.2479850293236,49.5322228294343,46.1432357282818,45.1013715411063,47.1059375546347,47.1059375546347,47.1059375546347,47.1059375546347
762,"TJK","Tajikistan",72.8663371485032,72.8663371485032,72.8663371485032,72.8663371485032,72.8663371485032,80.2678044694385,87.3616100922925,84.5044569000248,63.0035227532925,52.4549370146913,47.6380579158602,36.0282386101476,29.9022761580329,25.1113006849835,27.6774801084358,32.1559294757434,40.014873788337,47.4864097675653,55.9222028875571,41.6327375877452,28.2694833137894,8.24811575102655,0,0,0,0,0,0
834,"TZA","Tanzania",36.4409774755379,36.4409774755379,36.4409774755379,36.4409774755379,36.4409774755379,38.4000819236933,33.1148764939999,26.8270937047971,17.0882327344914,12.512961855969,0,0,0,0,0,0,0,0,0,0,0,0,0,1.18854045181924,10.570541440932,10.570541440932,10.570541440932,10.570541440932
764,"THA","Thailand",0,0,0,0,0,5.89697049920527,14.7690395846509,22.9149346283668,27.5483832857212,29.4413724368069,27.4384753216792,23.242188637288,19.378363961103,23.1626728809279,25.5543743967379,27.7811514970964,30.5229979545112,31.2750566443869,30.2407435885602,29.5898228832528,29.5415779613971,31.0015293469709,33.4680541435042,37.7706482707176,41.5825628026001,41.5825628026001,41.5825628026001,41.5825628026001
626,"TLS","Timor-Leste",46.6382613101536,46.6382613101536,46.6382613101536,46.6382613101536,46.6382613101536,46.6382613101536,46.6382613101536,46.6382613101536,46.6382613101536,46.6382613101536,46.6382613101536,46.6382613101536,46.6382613101536,46.6382613101536,46.6382613101536,39.8429579147001,42.6874289525068,29.7547021265342,18.1705078776974,0,0,0,0,0,8.05281603247161,8.05281603247161,8.05281603247161,8.05281603247161
768,"TGO","Togo",21.0620654785765,21.0620654785765,21.0620654785765,21.0620654785765,21.0620654785765,21.9623320339698,27.1936527766844,29.4469014363854,20.7452160177259,20.156881209104,17.4962063366977,19.72094204539,38.8899633369914,45.2719333659981,15.6173175580205,5.41452832312358,8.35047474464479,16.411747798086,16.2135777215091,17.0693724741163,13.7031607530592,14.9455878596568,22.1771707900701,29.8296961260113,17.4290753180659,17.4290753180659,17.4290753180659,17.4290753180659
776,"TON","Tonga",32.9811237421234,32.9811237421234,32.9811237421234,32.9811237421234,32.9811237421234,36.0575969062021,34.3015005453706,40.2667363410298,35.919882830184,32.7374918300978,28.2970553995329,30.2824768823009,29.7296202999728,33.0655594395733,25.6376298898681,30.7650542387748,46.0598550332732,56.7401313290119,57.1188766886152,61.8137297899855,59.5032920392538,48.8954957459109,39.3431184515152,28.1128348725447,2.3260582183261,2.3260582183261,2.3260582183261,2.3260582183261
780,"TTO","Trinidad and Tobago",13.8065988108375,13.8065988108375,13.8065988108375,13.8065988108375,13.8065988108375,6.64401230633644,0,0,0,0,0,0,0,0,0.298409912135369,6.84153463832457,14.6409258482609,24.5027383379124,33.338360172247,42.546109495205,48.879535439543,55.6480497235599,55.9924283450865,56.8054214669937,55.8911744846939,55.8911744846939,55.8911744846939,55.8911744846939
788,"TUN","Tunisia",30.7687481604669,30.7687481604669,30.7687481604669,30.7687481604669,30.7687481604669,32.2571146997686,28.4677574523555,28.23667221422,25.669347167876,25.0552638226073,27.029713152754,28.5243030693083,30.177441940663,30.4135568397974,32.3646805146947,29.3880213992943,29.4407319517589,29.4455032134689,30.7600448294721,31.3071975673811,31.8650227566065,34.5800238100212,37.064232349735,45.3196212284196,51.8053851240788,51.8053851240788,51.8053851240788,51.8053851240788
792,"TUR","Turkey",24.3984347232005,24.3984347232005,24.3984347232005,24.3984347232005,24.3984347232005,22.4013603019431,26.4356508291103,29.3442043797412,31.4617692029895,35.0482812827831,36.047047791092,32.1695085613383,25.5480437722547,21.0453591037411,20.4521215251944,16.8342974847173,17.2184922747634,18.9813949323642,22.1029516255049,24.9494576130289,28.6762750661063,28.7002842842033,24.2597422341824,23.2324155969287,26.464404196413,26.464404196413,26.464404196413,26.464404196413
795,"TKM","Turkmenistan",50.9132588487365,50.9132588487365,50.9132588487365,50.9132588487365,50.9132588487365,40.5196959078358,28.8806145490475,23.6336567680356,23.2396126681787,16.0258414294336,10.1923604076659,10.11869957481,11.4384785555966,14.2633689657738,18.9736656663818,22.0899978274752,24.8289190085383,26.1637053591353,25.4608416995081,25.6085915359569,26.2749046696865,28.2346913015609,28.8682011972978,26.7437915212854,29.4833727128837,29.4833727128837,29.4833727128837,29.4833727128837
796,"TCA","Turks and Caicos Islands",-8888,-8888,-8888,-8888,-8888,-8888,-8888,-8888,-8888,-8888,-8888,-8888,-8888,-8888,-8888,-8888,-8888,-8888,-8888,-8888,-8888,-8888,-8888,-8888,-8888,-8888,-8888,-8888
798,"TUV","Tuvalu",49.9130236452176,49.9130236452176,49.9130236452176,49.9130236452176,49.9130236452176,49.8858411794052,49.8695311616096,35.2128056265655,23.5981453302692,15.1926184260563,10.1183335302993,23.6829427916493,22.0578316409231,23.7338162309204,28.7372672338659,51.1802645107694,76.4110359549269,64.8739697901928,54.2632694763274,45.1529949471051,35.3517332335831,43.5294143881051,36.995272426362,29.4005972420601,9.03004445220105,9.03004445220105,9.03004445220105,9.03004445220105
800,"UGA","Uganda",9.89236490280027,9.89236490280027,9.89236490280027,9.89236490280027,9.89236490280027,3.55684006276515,0,0,0.14250891209619,10.089737402916,6.87747386104709,0,0,0,0,0,0,0,0,0,5.63675295971608,8.5871834254054,7.90061611100823,11.6643014212265,15.39591465203,15.39591465203,15.39591465203,15.39591465203
804,"UKR","Ukraine",51.820348748202,51.820348748202,51.820348748202,51.820348748202,51.820348748202,57.5011905664876,64.1207869296854,72.1678891683884,65.8588512976293,61.5874309938324,54.2887515524511,49.8058131831459,51.0953137073645,55.6802645143078,69.1041422940061,71.6828650746754,76.1493338082874,78.1161020239152,73.4548587793848,70.3304179506799,59.7694584006377,54.1989064886792,55.7030798345354,59.9770888345196,67.0708273967942,67.0708273967942,67.0708273967942,67.0708273967942
784,"ARE","United Arab Emirates",19.3847903277657,19.3847903277657,19.3847903277657,19.3847903277657,19.3847903277657,13.6967377816463,12.6643023399903,22.1646238720766,20.1596935878619,15.438523408715,14.5877927539584,13.7135909554096,14.7752324089434,11.3599700807125,12.0514559304866,4.40321581696429,0.85913976066027,0.524654083636619,0,0,0,5.56005925689091,20.3963776953017,31.933641251582,41.9704083409188,41.9704083409188,41.9704083409188,41.9704083409188
826,"GBR","United Kingdom",59.5027029047587,59.5027029047587,59.5027029047587,59.5027029047587,59.5027029047587,58.2542667804114,54.6896798577786,54.1824737002741,52.7658837682406,51.3164469291879,50.2232865511928,48.721201693253,49.7362116461954,51.1621781915727,58.0356406690707,60.4705154036292,64.9960133602568,70.9398947774092,73.0914591301304,78.2276553374144,81.0089072327175,85.5673254657022,90.9001646822692,92.2198762210127,97.4848121317006,97.4848121317006,97.4848121317006,97.4848121317006
840,"USA","United States of America",40.0225076617224,40.0225076617224,40.0225076617224,40.0225076617224,40.0225076617224,38.9888740069859,40.0882596027893,41.1976089888472,42.208954745651,42.9558539372384,44.0762448592275,45.8560820467481,46.6230175294043,48.7740736893594,52.5601457336135,53.9313169613507,57.7987801467352,63.2634396289035,66.5246543452839,65.9985426657603,64.0197713547122,64.4137111926531,61.9641554688937,56.8329162544262,57.8368756074952,57.8368756074952,57.8368756074952,57.8368756074952
858,"URY","Uruguay",20.5157038201218,20.5157038201218,20.5157038201218,20.5157038201218,20.5157038201218,27.8701500403225,33.3693190256316,37.4668404451452,47.1712019964051,50.7877043963838,51.3873072176489,48.939093840925,45.5412372577773,30.0337257006032,10.6801300078428,12.3683314038741,10.572367127217,12.0572235679507,24.2116481203343,35.3653081275191,46.3208948089981,53.4717911518691,76.0937915137215,53.7882227112183,42.2283851191022,42.2283851191022,42.2283851191022,42.2283851191022
860,"UZB","Uzbekistan",50.2413402405965,50.2413402405965,50.2413402405965,50.2413402405965,50.2413402405965,47.2595562365973,40.1935211448621,36.8254877716008,33.3867066726024,33.7652699435901,39.727212761708,44.2731058461881,49.6864412604381,50.5381092878267,58.7629628884327,69.1396785204836,71.619438762459,65.7986347158208,63.6768229331528,64.2302925858038,68.815956099036,66.8680135947478,63.4198623620621,52.5688284580281,51.6087545957234,51.6087545957234,51.6087545957234,51.6087545957234
548,"VUT","Vanuatu",25.5474837358486,25.5474837358486,25.5474837358486,25.5474837358486,25.5474837358486,22.8353122436182,20.524930010354,24.6563836268385,31.1220953803329,51.8429222481443,73.3615732272265,98.9309973298415,71.0168201665516,56.8532279289092,38.2166053891111,20.5448613701345,0.20212707413809,0,0,0,0,24.2472289088716,27.6934025608491,34.4469241394561,21.7389991416473,21.7389991416473,21.7389991416473,21.7389991416473
862,"VEN","Venezuela",15.2997724760478,15.2997724760478,15.2997724760478,15.2997724760478,15.2997724760478,13.047795566202,10.4748793639737,12.5312160566098,13.0993671473514,25.0361506820108,33.9386976544898,46.6141598040524,67.3637278041435,65.5833675048499,58.7167320851519,58.3826118518624,55.7897332132133,43.8619216405901,34.6640350724667,35.8218539571356,39.4548765777068,45.4950945376524,53.1512289923084,54.1023124895643,54.4809017178608,54.4809017178608,54.4809017178608,54.4809017178608
704,"VNM","Viet Nam",0,0,0,0,0,0,0,0,0,0,0,0,0,0,0,0,0,0.175644768833067,5.05566838076521,4.21221213383122,0.71958627494314,1.84712085761377,6.35168128352089,4.55707012998464,0,0,0,0
876,"WLF","Wallis and Futuna Islands",-8888,-8888,-8888,-8888,-8888,-8888,-8888,-8888,-8888,-8888,-8888,-8888,-8888,-8888,-8888,-8888,-8888,-8888,-8888,-8888,-8888,-8888,-8888,-8888,-8888,-8888,-8888,-8888
732,"ESH","Western Sahara",-8888,-8888,-8888,-8888,-8888,-8888,-8888,-8888,-8888,-8888,-8888,-8888,-8888,-8888,-8888,-8888,-8888,-8888,-8888,-8888,-8888,-8888,-8888,-8888,-8888,-8888,-8888,-8888
887,"YEM","Yemen",15.5440916266762,15.5440916266762,15.5440916266762,15.5440916266762,15.5440916266762,7.14625882664915,1.69994999152733,0,2.96830335824197,3.60494854822839,2.02103855889077,1.29891865617813,4.09929301317167,8.88209978474967,9.18886729528545,13.2547210419706,22.6162618735194,38.7537493832942,40.7709588322,43.5994651819839,53.3978358101361,55.0150324576015,56.5435762087282,58.2216713238809,56.6129013410253,56.6129013410253,56.6129013410253,56.6129013410253
894,"ZMB","Zambia",70.0861441764707,70.0861441764707,70.0861441764707,70.0861441764707,70.0861441764707,80.4832799667339,83.313880874752,76.9902204718818,65.6645719251516,54.094371347361,47.175844035779,47.867681177339,44.4434591031461,37.3037058514193,35.6444481524092,33.7072991120656,29.1205811820667,17.606877722858,5.49499515918787,0,0,0,0,0,0,0,0,0
716,"ZWE","Zimbabwe",60.6504849000478,60.6504849000478,60.6504849000478,60.6504849000478,60.6504849000478,67.8654346727198,77.5313269996521,77.9720722657442,73.7498437580281,64.3746789627027,57.6944121702172,54.4044401279762,53.7924708160883,54.2158510997823,55.8351188299984,59.8882284102903,63.1554337108175,69.7620912239394,54.9884729445787,45.3085203935666,26.8427533870751,14.7855740376326,6.72326821798801,8.99012256480729,29.3110866579879,29.3110866579879,29.3110866579879,29.3110866579879
