"code","iso","country","PMD.ind.1995","PMD.ind.1996","PMD.ind.1997","PMD.ind.1998","PMD.ind.1999","PMD.ind.2000","PMD.ind.2001","PMD.ind.2002","PMD.ind.2003","PMD.ind.2004","PMD.ind.2005","PMD.ind.2006","PMD.ind.2007","PMD.ind.2008","PMD.ind.2009","PMD.ind.2010","PMD.ind.2011","PMD.ind.2012","PMD.ind.2013","PMD.ind.2014","PMD.ind.2015","PMD.ind.2016","PMD.ind.2017","PMD.ind.2018","PMD.ind.2019","PMD.ind.2020","PMD.ind.2021","PMD.ind.2022"
4,"AFG","Afghanistan",31.8885366874554,31.9297157960512,31.7788540593665,31.6902134527666,31.620938038298,31.8236073445903,32.275944447396,33.4396227265759,32.9633976212073,32.9579665025911,33.3005700646853,32.8230168364838,31.781767226894,30.3010734404144,28.641265182575,26.9756101316468,24.7233379485839,21.8191173262769,19.0921747281862,17.2302123507356,16.6597758472398,17.2025238368384,17.6430959561109,17.2048798971597,15.9561374631821,15.9561374631821,15.9561374631821,15.9561374631821
8,"ALB","Albania",31.1952639989533,31.1333924846244,31.2538279242309,30.9277875025131,29.9542989946552,29.9712095699016,31.5375651441819,31.0487341907224,29.9054888151426,29.9623169536543,30.5795726281978,31.9950928211047,33.1575882533491,32.65465535247,33.0541777308003,33.5485900603948,33.6201702598285,34.1877775477348,34.657421547039,34.8486961958838,35.0261558323538,35.5060992861792,35.9306578632668,36.3379047016734,36.6638907493529,36.6638907493529,36.6638907493529,36.6638907493529
12,"DZA","Algeria",1.59837926140982,1.50391763540239,1.32133564235825,1.35547215261008,1.1986967268541,1.66985413950522,2.43889150110746,3.25036465648557,4.05505448268138,4.87008319046826,5.72178835272977,6.60304270225711,7.54080384302293,8.4477816327623,9.27341232372417,9.97539747671937,10.2855620146534,10.4797425951523,10.5356496279985,10.4786562792192,10.6119510896313,11.2799574419993,11.8441325035254,12.0246154306792,12.1445180062695,12.1445180062695,12.1445180062695,12.1445180062695
20,"AND","Andorra",61.5641344603684,61.9494411317361,62.2472771988932,62.2835470514907,62.4965675123584,62.7533267616095,63.6106966288871,65.006488062306,66.4537873937987,67.6640362645403,68.8828916192953,69.8372536478087,70.83180220456,71.8840277942733,72.5843719670585,73.4509277115742,74.2392610371541,75.0081786797394,75.7533724078294,76.8037862365169,78.2488296982676,81.1782788861411,83.9602130258925,84.3286064277275,84.4948380331172,84.4948380331172,84.4948380331172,84.4948380331172
24,"AGO","Angola",43.3910231068992,43.1365855541713,42.2122240424827,40.7082003946771,39.4804120592941,38.7886626115501,38.7234493028408,39.0292713426972,39.0091301435612,38.2711888154456,38.4476762220527,37.9760040341438,37.5606488477119,36.7485665824395,35.9508754949017,34.9204180901995,33.6543925271854,31.9127889138394,30.400761129141,29.3995668368944,28.2046737097436,27.5100909278279,26.6086000601081,25.3534103328945,23.9665617294127,23.9665617294127,23.9665617294127,23.9665617294127
660,"AIA","Anguilla",-8888,-8888,-8888,-8888,-8888,-8888,-8888,-8888,-8888,-8888,-8888,-8888,-8888,-8888,-8888,-8888,-8888,-8888,-8888,-8888,-8888,-8888,-8888,-8888,-8888,-8888,-8888,-8888
28,"ATG","Antigua and Barbuda",26.8234326020342,28.4158289776064,29.1187095595428,29.7323257491405,30.3109210717361,31.2094260290394,32.1468204716252,33.4152692303776,34.5921946606924,35.5987416307116,36.3559255052829,36.566331521564,34.7227706139523,34.8779408201048,36.6517796298376,36.7082725657879,36.593484110786,36.4936535582224,36.1559249675056,35.5324561937187,35.5748513827122,36.607260159424,37.5642942835319,37.6128739641227,37.120327798932,37.120327798932,37.120327798932,37.120327798932
32,"ARG","Argentina",34.7205543630877,35.2442517482688,36.2366454947443,37.0599231969109,38.1189980538322,39.9654370966899,40.7954611387107,41.1133794198779,41.8846064639946,43.5736177688716,44.8831857913787,45.3583602659825,44.8380790806965,45.5102330078271,45.5738401413906,45.6894233615995,45.7315723840584,45.7857577120555,45.6888994448283,45.952811356555,45.9188367208894,46.1480326841156,47.3391598305922,47.9393381397792,48.2122069149943,48.2122069149943,48.2122069149943,48.2122069149943
51,"ARM","Armenia",3.53562595512571,3.85736549337392,5.43749154356024,6.29653546324246,6.51319779748358,7.34060245188086,7.14507887324123,7.02760488487156,6.45788335428956,6.32897383029824,5.94803917615748,5.55415161424078,5.98724787158952,5.53147871163534,5.58620812489809,6.10040954190964,6.62365835828875,7.52580712260384,8.68192331551614,9.02599715781095,8.99115787078081,10.1147758677608,11.2404889618132,11.8404457746176,12.3776730644654,12.3776730644654,12.3776730644654,12.3776730644654
533,"ABW","Aruba",-8888,-8888,-8888,-8888,-8888,-8888,-8888,-8888,-8888,-8888,-8888,-8888,-8888,-8888,-8888,-8888,-8888,-8888,-8888,-8888,-8888,-8888,-8888,-8888,-8888,-8888,-8888,-8888
36,"AUS","Australia",75.8733221600494,76.7895938058865,78.0531149471222,79.3787404179075,80.6472898100063,82.0527776537426,83.6238122814311,85.2302709749444,87.1238005645735,89.1446622689694,90.7982565202467,92.2794507572352,93.2987838977557,94.165076504458,95.1115852097293,96.0584307795123,96.9319598141839,97.9911657110065,98.3270462166522,98.5148470289216,98.7294083034494,100,100,100,100,100,100,100
40,"AUT","Austria",36.4317517637112,37.3644094077662,39.1452495148919,40.7891929416709,42.6344547613213,44.4034290183093,46.0967559747126,47.2666127414226,48.2081042730457,49.6958364590476,50.8685596142854,52.3171836478699,53.2448493443935,54.3057113404461,54.6895364246768,55.7342084647787,57.0846701921209,58.6543540004079,60.3471343715196,62.2908392407577,63.9529541194824,66.9485243198348,69.2858143595526,69.6601681974412,69.2921337254354,69.2921337254354,69.2921337254354,69.2921337254354
31,"AZE","Azerbaijan",0,0,0,0,0,0,0.873943481258038,0.940614884394421,0.527223525194046,0.450590758089248,0,0,0,0,0,0,0,0,0,0,0,0,0.680168614048199,1.717187956636,2.00542730706279,2.00542730706279,2.00542730706279,2.00542730706279
44,"BHS","Bahamas",30.0082278111573,29.5375434671151,30.3300804938737,30.5419072423622,30.1855332157708,31.6659889957746,31.8975139718981,33.4562168852179,34.1096513956428,34.4382321127255,35.7605809437204,36.0188339895704,37.4390338373739,37.7632410265585,37.8132201916277,38.2354575744832,38.2847310748448,38.2676380725995,38.1669185635578,37.8362978634161,37.353770583109,38.1951707292935,39.131141289903,38.9838328852275,38.6346492376881,38.6346492376881,38.6346492376881,38.6346492376881
48,"BHR","Bahrain",0,0,0,0,0,0,0,0,0,0,0,0,0,0,0,0,0.278005726017284,1.22959474778892,2.73979110283717,4.13031778474395,4.78505872339512,5.26666566670563,5.56392790113821,6.11676679343188,6.28515829559376,6.28515829559376,6.28515829559376,6.28515829559376
50,"BGD","Bangladesh",26.333149661013,25.615286948333,24.8773469833693,24.1188353437849,23.3871436192987,22.4256695612552,22.3186018227264,21.9799134261061,21.7142072469473,21.7019517022758,21.2519815850729,20.5683496826943,19.9860533604533,19.8385369755342,19.4505969397266,18.8090660956499,18.8069098239066,18.0412379128534,16.5819126404962,15.2307036893369,15.2587346138114,15.9333889511463,16.0460430897314,15.7824851656254,14.717444991417,14.717444991417,14.717444991417,14.717444991417
52,"BRB","Barbados",24.4520490515394,24.806622801978,25.0571285980129,25.864418252256,27.0993200780387,27.6248960138066,29.5037808795958,29.709983844049,29.9264506007182,31.0305836170651,32.0914661070856,32.3979336049,32.6539127879498,33.340931036688,34.1708571865554,34.5408057819657,34.4116041794824,34.4743422368302,33.7061106734658,32.9526868347135,32.7196018027566,33.4053580432543,34.0698071253808,33.7812738309945,32.8350979665502,32.8350979665502,32.8350979665502,32.8350979665502
112,"BLR","Belarus",4.54531341503856,5.24294146745811,5.29189458641763,5.16364782717356,4.83047437606049,6.8670154937259,5.70454994829059,4.41646100327483,5.59854505212978,6.47844204603126,6.0801054236468,7.37769319682286,9.05483792743311,9.01094331150631,8.78853360900985,8.59220869887514,8.73013552797137,13.7672799122347,15.8948248933026,18.048977627402,20.7444287562717,23.4233973340085,25.0089592169855,25.5123043274297,25.5916086763158,25.5916086763158,25.5916086763158,25.5916086763158
56,"BEL","Belgium",36.0045432521459,37.2848320330459,38.5417353718432,39.7319164075863,40.9507438359495,42.3857578274356,44.0006131693173,45.2839308095154,46.7874786062223,48.6713853546644,49.6635257644446,50.5698830875584,50.560039851919,50.4348818208434,50.4770536071216,51.0392017490138,52.3541347907336,54.4222749519968,57.3616626499962,60.6466856864909,62.4129673334097,63.7433902226801,64.159893749868,64.5733731025818,64.7246342737532,64.7246342737532,64.7246342737532,64.7246342737532
84,"BLZ","Belize",34.4708557564866,32.482192975628,30.0968639771542,28.1142661770435,26.5740172626636,26.0408334663437,28.2351217389993,29.9049055589529,30.8630866225921,31.3695794699091,32.2395493435714,32.793288753577,34.0522243811099,35.6881325623271,36.0562810464558,36.3102057559609,36.258158993996,35.634886847735,34.1257987036864,32.773277121519,32.1536899014574,32.7943508150526,33.3684680927928,32.8487466660071,32.2856250534842,32.2856250534842,32.2856250534842,32.2856250534842
204,"BEN","Benin",40.9815985263421,40.0392497601071,38.5699817552824,36.9609575603451,35.8568458970009,35.475827765387,36.2147092674898,36.5167296896331,37.3874159566058,37.9518202906134,38.7191395112857,38.9710611647976,38.9423105950261,38.2862904906311,37.2946171964353,36.2413996692914,34.8068042720335,32.5743144305797,30.70324926329,29.5352442168855,28.8702864740623,29.486741995674,30.115249920324,30.3993093591136,29.3206371331594,29.3206371331594,29.3206371331594,29.3206371331594
60,"BMU","Bermuda",54.135363784988,55.374607478389,58.8139243579966,62.049156768182,64.6176664547397,66.8366658433044,69.2601722105244,71.1681371956174,72.8042016080932,74.2256116600951,75.5309530299786,77.1266334087523,79.2797118953,81.5037785481701,83.4689319280324,85.0513385107107,85.7001234853062,86.2909872236159,86.5781339274515,86.957807372946,87.2686834451348,86.9703013193137,86.5468122311865,86.9245732680383,87.8488837596166,87.8488837596166,87.8488837596166,87.8488837596166
64,"BTN","Bhutan",46.6685029894795,45.8670375147991,44.1845039858944,42.3797027365078,41.4692064581334,39.2755705241058,37.7952528951773,36.4315065673842,34.4803276633988,32.9487055598403,31.7198364908658,30.9138455162193,28.7846996015466,27.5291107142882,26.3549585170544,25.2650173841479,23.9906274130275,22.5335415728543,21.1388947479003,20.3083109791483,20.2505327420394,21.3788577018229,22.4852198502344,22.417052556433,21.6745540631778,21.6745540631778,21.6745540631778,21.6745540631778
68,"BOL","Bolivia",8.52221736800801,10.2371109820808,12.4494385449571,15.2559296118912,17.7912622660427,19.5800155825179,20.8091714400699,21.77398046079,22.6497140319466,23.3811331636487,23.9057808741965,24.0287507659752,23.4606380544494,22.8849103896501,22.5674124829695,22.7698046048639,23.3259858127348,23.9624959434829,24.5551016228375,25.2221783274646,25.7612134905005,25.9580536352849,25.9037497984271,26.0242601809127,26.0560469898624,26.0560469898624,26.0560469898624,26.0560469898624
70,"BIH","Bosnia and Herzegovina",19.5617087295431,19.8709218728409,19.0791627500181,19.0019459544994,17.7843672237585,16.4968629938584,15.73827781844,14.8457885197717,15.0808181846711,15.3898147070228,14.5363461140174,15.1685280589883,14.0170343233019,15.6880709137761,15.9119041684585,16.4521668449694,16.7845113005145,17.6047365196678,17.5671520779739,17.7401295033334,17.2475850902877,18.7528242358799,20.0755983788641,20.1591180660305,20.3203488319112,20.3203488319112,20.3203488319112,20.3203488319112
72,"BWA","Botswana",18.7031199775439,16.7187617477422,14.9097376223891,12.8923327661941,11.2139054221636,9.45821115070316,8.04759700740905,6.91751295977178,6.43086580008176,6.52749440832906,6.9328214200704,6.52317445576705,6.66184482827168,5.97055955977743,5.50508841626288,5.01301466633119,4.88217297599012,5.07729675173631,5.24441784238678,5.48501118556609,5.84425241499903,6.91553241371959,7.62267861625678,7.78165027262715,7.70778177525412,7.70778177525412,7.70778177525412,7.70778177525412
76,"BRA","Brazil",33.3873591964243,33.6681749854388,34.465224555932,34.7302495009148,35.1407768366735,35.7674272831116,36.3633422919213,36.7847538559719,37.0494322011076,37.3326637855738,38.3458227026784,38.6669043224174,39.0664185681822,39.423613006063,39.8304551754729,40.5416690763154,41.6887216741674,43.7255065419927,45.6861040719967,47.6973984302647,48.8487124222431,48.8896447069981,49.7362573002737,50.1229674959319,50.3132877341979,50.3132877341979,50.3132877341979,50.3132877341979
92,"VGB","British Virgin Islands",-8888,-8888,-8888,-8888,-8888,-8888,-8888,-8888,-8888,-8888,-8888,-8888,-8888,-8888,-8888,-8888,-8888,-8888,-8888,-8888,-8888,-8888,-8888,-8888,-8888,-8888,-8888,-8888
96,"BRN","Brunei Darussalam",53.1729262683952,55.5698914333163,56.5693138699349,57.5582979185275,58.4781928262078,59.1317296251659,59.868783340315,59.7988336541939,59.3171464548513,59.3030262923029,59.3651390772958,60.2899767359909,62.2471990041231,64.3806100562638,65.541945568688,66.1490620019413,64.9308309418083,61.832212471317,58.1399012900561,55.579202612241,54.7872723488238,57.3309785275624,59.8855698226591,59.5345039458075,57.7911422159731,57.7911422159731,57.7911422159731,57.7911422159731
100,"BGR","Bulgaria",0,0,0,0,0.719092126953626,1.44100010135756,2.52005014316445,3.7527963109596,5.09479028896996,6.29388021115882,7.06329459339555,7.85971504000278,9.3157601008445,10.5673658174046,11.4389423295462,12.3680567217678,13.6648668134325,15.4371453914538,16.8798277866993,16.8072827467469,17.8837425522668,18.3731014203656,18.7747559411963,18.8522375451846,19.0570489632834,19.0570489632834,19.0570489632834,19.0570489632834
854,"BFA","Burkina Faso",51.4236743507444,50.8807139221786,49.902941331337,48.7785322603978,47.5301418581154,46.0379252659185,45.7255356069546,45.0290297895865,44.9055007432125,44.59261782761,44.2911542067305,44.1041900182726,44.305151128149,44.1906101515819,43.9714396760899,43.1323050629246,41.8435059780497,39.8902163444549,37.9937942714384,36.7163660291241,35.9468339829861,36.6438376974622,37.5903740635853,37.5284241642633,37.2069258553791,37.2069258553791,37.2069258553791,37.2069258553791
108,"BDI","Burundi",45.1683128430482,45.3879903705972,46.1470889701775,46.7578689246379,47.5205070176924,48.3248016233247,49.6661527454549,50.2782749059821,51.0463129437498,51.5957615422877,52.0844556085472,52.7753511559125,53.3012627219388,53.7567612575495,53.6705335154027,52.8793810352471,52.2843977868953,51.1159653813321,49.936213281027,49.2582820638864,49.5967189560827,51.3316713520768,52.6785207206623,52.2535704818642,51.750719844245,51.750719844245,51.750719844245,51.750719844245
132,"CPV","Cabo Verde",36.2964913490205,34.0004032259948,31.1065567434764,29.28196356036,27.228504051618,26.6235075887498,26.146047637214,25.58877590393,25.3811141909053,25.2426459113058,25.2925464636512,26.7235560712323,27.7037743546774,28.3811757651989,28.8824212092226,29.1016856707639,27.3859569666717,23.4288820156974,19.8878294613625,17.0252246102244,15.5378442333115,14.9205397899539,14.7749564220751,11.4124688220325,11.664766455419,11.664766455419,11.664766455419,11.664766455419
116,"KHM","Cambodia",38.2479664783352,37.930831980269,37.4901571352227,36.9400217328205,36.4407858397818,36.1563975187959,35.6021187019252,34.7340282747157,34.1383396559077,33.6472689534636,33.4346279424582,33.372580038133,33.002125752177,32.7524374869148,32.7345921971592,32.9032261000177,33.50208365814,33.9679976716377,34.6059581239881,35.0465593333161,35.5972331708087,36.2997790553925,36.9506519422598,36.6295305819618,35.5261974922311,35.5261974922311,35.5261974922311,35.5261974922311
120,"CMR","Cameroon",18.8816844864464,17.9138091561092,16.5553913383467,15.268418136216,14.3404273728979,13.6717298130155,13.7743573390779,13.0611895103162,13.2369635274245,13.5803324874655,13.7201634526965,13.5790548302744,13.4879361199047,12.9638208051241,12.1475137641704,11.271248814393,10.0778268273694,8.36115362903178,6.67103628435711,5.69254993172288,5.83311702425607,6.57293223129697,7.47327166829261,7.17181686018917,6.13714468164083,6.13714468164083,6.13714468164083,6.13714468164083
124,"CAN","Canada",61.4366834234793,62.6388920043367,63.9351451706166,65.3661620291312,66.7558040361485,68.2258235433561,69.228109702296,70.0157700244108,70.8938512345321,72.041702761364,73.1661724159892,74.973257896226,76.8319830399438,79.1792378575951,81.6987577482099,83.9313521765436,86.0094595270579,87.6390076787907,89.0931517801988,90.3322632690467,91.135343471907,90.8212541874607,90.748323308765,90.9473731467371,92.2213600386181,92.2213600386181,92.2213600386181,92.2213600386181
136,"CYM","Cayman Islands",-8888,-8888,-8888,-8888,-8888,-8888,-8888,-8888,-8888,-8888,-8888,-8888,-8888,-8888,-8888,-8888,-8888,-8888,-8888,-8888,-8888,-8888,-8888,-8888,-8888,-8888,-8888,-8888
140,"CAF","Central African Republic",33.6663753356165,32.8778363494595,32.4168572866842,31.8724370442061,31.4138149700874,31.601632561316,31.9466696874096,32.382622672791,32.8933480044643,33.3447066487625,33.6120178538374,33.1595945466471,32.6403331134849,32.0562086619752,31.2416069694822,30.368398779653,29.6099327043812,28.5648541276581,27.0837912604896,26.4719175959735,26.64443120374,27.9202793797291,29.070262238084,29.1808405846589,28.4880329573985,28.4880329573985,28.4880329573985,28.4880329573985
148,"TCD","Chad",48.3806103351962,47.339617216378,46.1094183717909,44.8373811202643,43.7441942579061,42.899805289432,42.4516951200951,42.0354623864914,41.8181623380303,42.0273469377425,42.3918132798293,42.1092872193412,41.6220836438942,41.2410672983562,40.8234104870299,40.2866058000594,39.2003685842363,37.5001485381795,35.7280144398852,34.7004941373503,34.245116492655,34.7267103217048,35.1326964124427,35.0238760349711,34.639698096318,34.639698096318,34.639698096318,34.639698096318
152,"CHL","Chile",37.4586091225938,37.7283167449032,38.5784122387541,38.4910415360069,38.7138561106247,40.0772125000873,40.3321136546226,41.5414616952214,41.8600141484006,42.3323858264204,43.3253990593406,44.0025197301227,44.1829685514581,44.916885828807,44.4013095717849,44.4046918392811,44.5150651266176,44.2946926293175,43.8935143555532,43.8238092135252,44.2149419441402,46.0275087727918,46.9984813567018,46.9836396732275,46.3706783431395,46.3706783431395,46.3706783431395,46.3706783431395
156,"CHN","China",10.6201341507874,10.3029745039155,9.97411702615038,9.56869371449196,9.00748979988667,8.45618672133128,8.54876579587599,8.46249951773922,8.53945342288102,8.34053559309773,8.74318375071579,9.7506004724855,10.0621297500599,9.74209277920347,9.32492808491926,9.04171359236354,9.11385720124385,9.42229716738242,9.70352620589289,10.0933723278743,10.747100166891,11.8617974744113,13.0962444125949,13.6789369018092,13.7979202641197,13.7979202641197,13.7979202641197,13.7979202641197
170,"COL","Colombia",29.4133294576261,29.0333976543736,29.9363222394225,30.2196012577495,29.7773432010873,30.4481395958143,31.6138937818193,30.8837742580094,33.8208541157667,35.4343595758506,37.3851387986484,37.3171441404141,37.7697084410223,37.2790226099667,36.340665793615,37.0025353857288,38.7616093548711,39.503476546493,40.4146880477398,41.3843081361642,41.6760293283095,42.5523223439306,43.1823565182084,43.2528031544361,43.1052065389102,43.1052065389102,43.1052065389102,43.1052065389102
174,"COM","Comoros",53.8176406295781,53.1509624984574,52.853108727138,53.1334907924776,53.1360155823502,52.4252823505894,52.3280330767994,51.9902302127919,52.0467032152039,52.029382226131,51.2764127403096,51.7730898406596,50.2824497766438,49.8356759166082,50.635213181522,51.1934780666279,50.1361159783621,49.3726835336308,48.787780853963,46.7563551451708,47.0073202494517,47.9149213089614,48.6949390189749,49.027532155885,48.167648347776,48.167648347776,48.167648347776,48.167648347776
184,"COK","Cook Islands",55.9067334238024,56.4470430907035,56.8410854474958,57.2141140284148,57.4903652868329,57.885505791551,58.6343338372931,59.0583170188742,59.4958875938901,59.9929380264131,60.6494639483925,61.8336263091408,63.0116630564723,64.3537973304194,65.3476173354702,65.6069466875689,65.5342467779787,65.5253994315801,65.5166374924999,65.3765902791642,65.0201834629843,63.6000997521389,62.5201570887683,62.6697060015981,63.0691918118768,63.0691918118768,63.0691918118768,63.0691918118768
188,"CRI","Costa Rica",48.3697976205568,49.2504999461242,48.1049036859743,47.3090857334397,46.1167978330534,47.0266292524132,46.6457110575619,47.7229988789943,47.8277518677466,48.0057016922732,50.1204508390082,49.1843571279031,51.8763687706529,51.6352410551919,52.2706744835982,49.3820417574048,50.5651618610119,50.6851019164051,50.5465567288781,50.5495198354885,50.0419391037024,49.8789947797465,50.8940449136957,50.9713857449746,51.1870986472236,51.1870986472236,51.1870986472236,51.1870986472236
384,"CIV","Cote d'Ivoire",24.4721841473265,23.4340998998293,21.6155199984212,19.5024376861498,17.9599461313838,17.188807835027,17.2572452531089,17.3459795792606,17.5708065686477,17.7911229627017,18.2790672164298,18.5992413115379,19.4114437165745,20.1987703937544,20.7542856159568,21.1941599752353,20.4720749837882,18.043723668059,15.1331554057359,13.4776630168444,13.1387978809958,15.2964587331531,17.0936492800498,17.0490467017282,16.5931456069431,16.5931456069431,16.5931456069431,16.5931456069431
191,"HRV","Croatia",15.8786100052759,15.9494649469149,15.9967301069102,17.2738127548842,18.3592230775725,20.0684491690865,20.966544920189,21.4692272352615,21.6725753396003,23.3787246989915,23.5359500517353,25.0138379970295,25.4600829134635,26.1673425806254,28.2558599541123,29.8037954785263,31.1035976568566,32.1905455584093,34.0874787158851,34.7519770392581,34.5831273481432,37.8297434771771,39.0480958086196,39.3075054038979,39.1047065761596,39.1047065761596,39.1047065761596,39.1047065761596
192,"CUB","Cuba",28.5202691605716,29.1819932993746,29.3976487824437,29.1318433653085,29.3649277249123,30.474012243398,31.2255146977903,33.5481938982941,34.0701881668115,34.8027623126598,34.9996312553343,37.0604816647789,37.6256603173599,38.0480648984073,38.489870626294,38.7351655993842,40.1418323425437,38.873459411984,37.9253567326525,37.0316777737073,35.9659162968633,37.2319349159972,37.8510616875663,38.5982276929673,39.791226630934,39.791226630934,39.791226630934,39.791226630934
531,"CUW","Curacao",-8888,-8888,-8888,-8888,-8888,-8888,-8888,-8888,-8888,-8888,-8888,-8888,-8888,-8888,-8888,-8888,-8888,-8888,-8888,-8888,-8888,-8888,-8888,-8888,-8888,-8888,-8888,-8888
196,"CYP","Cyprus",26.8220400619036,27.7940337482565,28.5290811170666,29.0858961843408,29.9512258891963,31.3500958548661,32.8884346303748,34.0898827123552,35.2896500551017,36.1317094798194,36.7610400825501,37.2856437130104,37.7462719098914,38.8602649150289,39.8516979515917,41.1791519290389,42.877326993897,44.4289930924786,45.7700907433017,46.9464023456467,48.2431250594431,51.1734494505557,53.4144366721119,53.4650284989857,52.7006512656717,52.7006512656717,52.7006512656717,52.7006512656717
203,"CZE","Czech Republic",12.7651351500076,14.9973629357401,16.4345379719614,19.2794115294791,21.1637449040074,22.4942047579292,23.5888889097073,24.8192040299255,25.0557072501425,26.8039011390732,27.8593604351623,29.536854645478,30.2652872961569,30.8350767185743,31.6554635254313,32.4613629652425,33.3727819379321,34.8302707891334,36.4584599014766,38.6000045323473,39.6583107942724,41.0951649886545,41.9198485641794,41.812590008631,42.0153987663804,42.0153987663804,42.0153987663804,42.0153987663804
180,"COD","Dem. Rep. Congo",39.7138712902807,39.7072169405285,40.7159746622175,41.3982003582185,42.2034246984616,42.793301477408,43.824076842252,45.4975272829875,46.7271997301708,48.3795090172638,49.477237145481,49.7800746388232,49.8540828828883,49.5054203644812,49.1687158577072,48.7940387159059,47.1372451335839,44.0321548600404,41.1228209465352,39.0828034686374,38.6339923972173,39.4032878448505,39.9835601701783,39.1612828140377,37.9516053904226,37.9516053904226,37.9516053904226,37.9516053904226
208,"DNK","Denmark",37.86341868923,39.3696277624952,41.0469369935289,42.7715047557301,43.4495475079044,45.4997725553035,46.6868070033794,48.0406582328714,49.8700681697816,51.8002326651095,53.6054622214611,54.392208915032,54.8444217390831,55.7499594299362,56.4339200803493,57.4599392284006,59.8308727622942,63.1537163567699,66.8189261844653,70.2616282859768,72.2034532562068,72.1433572060537,72.0607272324867,72.8666484266595,74.6280972207887,74.6280972207887,74.6280972207887,74.6280972207887
262,"DJI","Djibouti",26.2576908666802,25.0537172206425,23.6078007582502,21.2129267093653,19.1747869925956,17.4624655890975,15.7742131366481,13.771649788727,11.8993929858957,9.33744351878923,8.35593909835542,7.85416581734789,7.4132118131932,7.29216175217807,7.34269781412434,6.91705631074466,6.66074076599736,6.31454659277911,6.00384901969109,6.33929661802719,6.2600729920886,6.49691497607802,6.54366696232665,6.44704129770267,6.41110998960488,6.41110998960488,6.41110998960488,6.41110998960488
212,"DMA","Dominica",34.1583991173186,33.5069842128803,33.1479588733882,32.8302230807068,32.1444800711769,32.206246900991,32.5605519189198,32.7200135486296,32.8855057566088,33.4703616655488,34.0395923203297,34.0227089048942,33.9119280057015,33.9207374408774,33.6726332880612,33.2225586021224,32.335324160821,31.1019773827465,30.0609754357526,29.3221884097338,29.0350790832491,29.9933274852262,30.7674446333205,30.4849310580974,29.8222964894954,29.8222964894954,29.8222964894954,29.8222964894954
214,"DOM","Dominican Republic",52.936905034634,51.4800306676352,49.3889598474544,47.5364767766618,45.97034941519,45.1021104646717,43.913867784052,42.4227869769037,39.9503896633798,37.1632952912365,35.5180316968112,34.3291876555987,33.7994291010113,33.8767519094778,33.642331514911,33.3170051439225,32.204015783462,29.7414145809254,27.0723990667722,25.6935188519153,24.6236699225897,24.687217067408,25.5015622302036,26.0417952146732,26.3537448852806,26.3537448852806,26.3537448852806,26.3537448852806
218,"ECU","Ecuador",38.2976736632518,37.8622748306931,39.295717638852,39.0379712201445,39.1347659449484,39.3300159025252,39.9996001980136,37.6664910448062,36.6049319030529,35.9665184065375,34.9444384042909,34.4222238316873,33.9602650099808,33.6556790611616,33.9863298216609,34.2383519052994,35.5214586548814,35.6065581645295,36.0843804544622,36.6936380116166,37.1969186248537,38.1364481491295,39.1276091091988,39.2967501901862,38.8111251026736,38.8111251026736,38.8111251026736,38.8111251026736
818,"EGY","Egypt",0,0,0,0,0,0,0,0,0,0,0,0,0,0,0,0,0,0,0,0,0,0,0,0,0,0,0,0
222,"SLV","El Salvador",45.4682924548542,45.1862959307092,43.105276885654,39.8663701709821,40.4122978441678,40.1899831880818,41.0235181666976,42.6650566732751,42.4647111804635,41.9011057991685,41.8638292670472,41.6832497043898,42.1350734672468,42.7672377826096,41.0803601005395,42.5931695459606,40.9909441766102,41.3204619743574,38.8964905105817,36.0570908431237,35.6868874629602,36.4650237342297,37.2687080683302,37.5478590772722,37.3161795217375,37.3161795217375,37.3161795217375,37.3161795217375
226,"GNQ","Equatorial Guinea",40.0045951922822,37.840084549626,35.6714635356688,32.5196479446624,29.5953038252122,27.6978480192416,27.2719997549916,26.7512789680396,25.3097281859174,23.6227483699811,21.8735527325945,20.3145314400735,18.9460529647167,17.6642963316415,16.2999888568322,14.801314080603,12.1023461021001,9.85617548460687,8.62173137797978,7.73595832436075,7.07973292983223,7.59800837476487,8.42144516687658,8.16531123763448,7.46863714167824,7.46863714167824,7.46863714167824,7.46863714167824
232,"ERI","Eritrea",33.698727494722,32.5049440395507,30.6773469639521,29.0062205121577,27.3614473977786,26.7205633629222,26.9320184595744,26.5528066277856,26.5208116865267,26.006926934962,25.9300015469127,25.8928387201225,25.8556340112051,25.7317165651362,25.8295214540012,25.6450597517323,25.5560513796474,25.2638082128969,24.7695860615103,24.3313247953607,23.9175446759712,23.1608421817109,22.4187818949338,21.6928878851246,20.9588345119445,20.9588345119445,20.9588345119445,20.9588345119445
233,"EST","Estonia",34.9581450915114,40.266439912782,41.9941473115675,42.1385482442593,45.2403113876435,46.8061664753519,46.8300447318542,48.8395348475499,50.7866956436161,52.4818489763137,54.4432855242303,55.6398671004803,56.2796322332058,59.5925595664286,62.1456981386616,65.6300951455552,67.365924204326,70.7014694229087,76.3416312152083,80.4806889766393,86.0395986997214,90.9153700536932,94.4275175127678,94.3826996273954,93.1841323309872,93.1841323309872,93.1841323309872,93.1841323309872
748,"SWZ","Eswatini",27.0958037008803,25.6986833645717,24.9610858956909,23.5584624212958,22.1081494409444,20.0985226915012,18.4559614403806,17.0896250884374,16.0215027569415,15.0626644669292,14.3173526749047,14.0553221720293,13.4063877807777,12.6706983132763,12.1479979470277,12.4117372168961,13.1013626120062,13.3260708166947,13.7211638218666,14.1742368023369,14.4958464516536,14.7156911182318,14.7911842281224,14.7328290061418,14.5619206333744,14.5619206333744,14.5619206333744,14.5619206333744
231,"ETH","Ethiopia",61.4622018521416,61.835375105376,61.5272970152474,60.8954535466128,60.3596644143726,60.5107902369399,61.1109798549661,61.587503009229,62.0327089459071,62.3798363633219,62.2082381347848,61.7509664441595,60.6697606383885,59.4297421074057,58.3691916895832,57.7275205420166,56.9705572138771,56.3854564489665,55.9024474690261,55.0138883128287,54.5366305450885,54.089701443689,53.3983602793627,52.7760228944052,52.2160266047523,52.2160266047523,52.2160266047523,52.2160266047523
234,"FRO","Faeroe Islands",-8888,-8888,-8888,-8888,-8888,-8888,-8888,-8888,-8888,-8888,-8888,-8888,-8888,-8888,-8888,-8888,-8888,-8888,-8888,-8888,-8888,-8888,-8888,-8888,-8888,-8888,-8888,-8888
238,"FLK","Falkland Islands",-8888,-8888,-8888,-8888,-8888,-8888,-8888,-8888,-8888,-8888,-8888,-8888,-8888,-8888,-8888,-8888,-8888,-8888,-8888,-8888,-8888,-8888,-8888,-8888,-8888,-8888,-8888,-8888
242,"FJI","Fiji",39.7304572683045,36.9137049812349,33.2514036268356,30.5968238377703,26.3030813905482,24.1816037718037,24.5968292024207,25.0959963554068,24.5132681709168,25.4548517923346,25.0010750316656,24.721805698257,24.4637483687214,24.347080909057,25.2986954985161,25.3359248519962,25.3260406713452,25.304055416124,25.2633677743765,25.0400159900152,24.7696966436263,23.8962468713719,23.0393521867695,22.7768812342412,22.6743811729384,22.6743811729384,22.6743811729384,22.6743811729384
246,"FIN","Finland",66.6943002748229,68.6574604816922,70.3427188638824,72.2024389655048,74.1253526155017,75.9890374912601,78.1956898182602,79.9286426393705,81.4707659437567,82.8118269817091,84.2979292380162,85.7105488228923,86.1347874355223,86.7724927814946,87.4366382075719,88.4093347206208,90.7872002552375,94.7636367271127,100,100,100,100,100,100,100,100,100,100
250,"FRA","France",52.6958458492037,53.3897404791105,54.3807650835157,54.7201950019026,55.5078713209061,56.5321726940375,57.351828849399,58.3560073006645,59.434546942139,61.45806738218,62.2683666679545,63.0222300128399,63.515436987011,63.685499812669,63.815083745129,64.40717445064,65.5417128390846,67.2275482970111,69.4475796655252,72.0910624722215,73.6018626957656,76.5140500678989,77.8878255079934,78.3092464889258,78.4182563958612,78.4182563958612,78.4182563958612,78.4182563958612
258,"PYF","French Polynesia",-8888,-8888,-8888,-8888,-8888,-8888,-8888,-8888,-8888,-8888,-8888,-8888,-8888,-8888,-8888,-8888,-8888,-8888,-8888,-8888,-8888,-8888,-8888,-8888,-8888,-8888,-8888,-8888
266,"GAB","Gabon",13.5783916610941,11.9914058714563,10.657163549065,9.27975993797459,8.14910242143702,7.01500111387966,6.48705978726665,6.57749876007213,6.09600984343275,5.80209314512092,5.71302340934287,5.25660394942933,4.93629148453479,4.36284726553419,4.26575813763853,4.46430399848275,4.05151211693116,3.81890805782092,3.63062688369928,3.37866276538055,3.43067565075225,4.7587492936061,6.05773467723991,6.24360380857817,5.821924236527,5.821924236527,5.821924236527,5.821924236527
270,"GMB","Gambia",38.0216832228344,39.0982055191466,38.3973267158989,37.0909537007986,35.4937082425124,36.4785205563582,36.679438364386,36.1572423132564,35.3068192390262,32.8802944779778,32.1976944717968,32.3252000640893,31.9535425229352,32.3883512489899,31.7711415876722,31.5424040536993,32.4622069246638,30.9761741818988,29.2101695636873,26.5111825841704,26.3551240832605,24.7548317918422,23.3442755922301,23.6969852307742,24.0277564023897,24.0277564023897,24.0277564023897,24.0277564023897
268,"GEO","Georgia",11.2846673009273,13.1796800514392,13.866816073221,14.3854750848817,15.0293800846491,15.3165479241555,15.8743243666411,15.6003999823236,16.2701242664669,16.9208772555552,17.8989156918399,18.6577364401361,19.2183201829907,19.0288725616012,18.5950097881125,19.2619968101379,20.3622303226656,21.8689037991674,23.1169919559113,23.9004991231572,24.1765692621924,23.2296959518395,23.1908686587027,23.0965440049554,23.1113638967619,23.1113638967619,23.1113638967619,23.1113638967619
276,"DEU","Germany",35.2211617892886,36.8581115814798,38.8015220425237,40.8940393324677,42.8390564679778,44.6850115114196,46.3303367354138,47.5665944324643,48.7815655864163,50.6518342084358,51.8222090421884,52.4733453196989,52.5204405222048,52.4072430142673,52.2658819877156,52.641662888439,53.7872269720322,55.6960833796384,57.6792611995071,60.4154989866676,61.8417945782245,63.710317345534,65.1070616794256,65.375674632578,65.4564842576591,65.4564842576591,65.4564842576591,65.4564842576591
288,"GHA","Ghana",24.4320790081565,23.3084576205091,20.8301512082029,18.6417855974769,16.6544712042311,15.6028794653575,15.1568849400765,14.797582850774,14.4631749261862,14.2177795931442,13.8682346943633,13.352032107278,12.7871621362347,12.6800206787118,12.2362103196962,11.7519285236806,10.7713616883989,9.57382598729711,8.19226475077777,6.95501704493432,6.06313205158895,5.89720001531869,5.9462472506804,6.65615792743988,6.91093429665885,6.91093429665885,6.91093429665885,6.91093429665885
300,"GRC","Greece",32.335027812405,32.4882843866509,32.7381782657576,32.4528088395104,32.3962564094052,32.8889646449213,33.7208056646721,34.6859830535611,35.599666397765,36.4933134887948,37.4758362261845,38.2252660998002,37.974594020843,38.9337348807545,39.2953442836107,40.1767582553854,40.8205485000523,41.996400923345,44.1531908534655,46.2183387170314,47.6981020197032,49.7251720912945,51.1912668237715,51.3239671652577,51.4270985801708,51.4270985801708,51.4270985801708,51.4270985801708
304,"GRL","Greenland",49.2303835510069,50.3033955113142,51.6523320248978,53.4132380380544,54.6693823474214,56.0683286503104,57.2431240515109,58.2649141386807,59.9443961045773,62.1370746989895,63.2379727856775,64.7373366449653,66.5570628380183,68.578272773817,70.45012084691,71.8382660618395,72.5174827238121,72.85588448125,72.9946706356411,73.2898194974008,73.517471045787,72.4899314963905,71.5136063611449,71.9467875748144,73.1085883032889,73.1085883032889,73.1085883032889,73.1085883032889
308,"GRD","Grenada",20.8450697753545,21.1636622713275,20.9849977148355,20.8343413907976,20.4083884104918,20.6630947926147,20.999141894722,21.4678301556206,22.0977507508406,22.513900538457,23.3430268760798,23.915541432765,23.9816987294554,23.6381956118353,23.4057326357825,23.1538540150038,22.8301411459258,23.0195489697797,22.1670182766836,21.4902387288148,21.4276523064028,21.5181832764904,22.6171794836281,22.7360823952012,22.5051747068978,22.5051747068978,22.5051747068978,22.5051747068978
320,"GTM","Guatemala",27.9770760663293,28.4927101334222,27.3928936419813,26.6430362168436,27.2570727334281,27.6224758987219,28.763739569349,30.7171571066867,32.1527591761853,33.1548374074044,34.4019868831946,35.1383819567718,35.9325675943501,36.181252234836,35.7098663724729,35.0044394636963,34.1647339823843,33.1838846184679,32.0856098904636,31.3610744377208,31.2255345341344,32.2223919396206,33.8357967640537,34.0098797663694,33.3343014710084,33.3343014710084,33.3343014710084,33.3343014710084
831,"GGY","Guernsey",-8888,-8888,-8888,-8888,-8888,-8888,-8888,-8888,-8888,-8888,-8888,-8888,-8888,-8888,-8888,-8888,-8888,-8888,-8888,-8888,-8888,-8888,-8888,-8888,-8888,-8888,-8888,-8888
324,"GIN","Guinea",37.4071518056988,37.2292945924567,37.0069935493855,36.0174052300695,34.9291465289963,34.6568122931568,34.8950515127855,35.0807914216923,34.8944333079427,34.1205399006328,33.9760895720694,33.6423256413747,33.3989422692161,33.3274498885604,33.4774686962531,32.8192196322207,32.3474879667735,31.6106458110418,30.3265439451041,29.3223913752799,28.7193465727843,28.7635323447232,29.2304536725674,29.2922086965847,29.5820270473463,29.5820270473463,29.5820270473463,29.5820270473463
624,"GNB","Guinea-Bissau",31.0464494869497,30.4060177407781,30.0233653621163,29.5088148843487,28.99984902578,28.5893055648754,28.4168823456415,28.3358965286548,28.3240656850279,28.0953112939166,28.3028740528485,28.268001112294,27.2545424820427,26.9914910192166,26.7880551526392,26.5120359388495,26.1945148806206,25.7201793093364,24.6702223188992,23.7399287683076,23.1916994933056,22.5108174590301,22.5346229974282,23.3971648332544,24.1736492768775,24.1736492768775,24.1736492768775,24.1736492768775
328,"GUY","Guyana",5.65611345947531,4.48610209428092,3.50558008670173,2.76418590848319,3.26754991977442,2.57715131166489,3.23042135431483,3.67140833264362,4.83600326477386,5.67545955212356,6.62328688561904,7.63264547140712,7.55832149271357,7.52361549965507,8.09696949084594,8.02402515011539,8.05774925211756,7.42269023900359,7.32145810467568,6.51922253300899,6.81395508859634,7.81309218348063,9.00490626289073,9.77234978529853,10.6927832891332,10.6927832891332,10.6927832891332,10.6927832891332
332,"HTI","Haiti",50.6181602704586,50.3276383224277,48.9805001370592,48.2294399384566,47.015070977413,46.5555988980733,46.3676066441757,46.4228928979745,46.2889086786353,46.0926559307517,45.9065241875266,45.8078817216559,45.7288957171986,45.6485845032875,45.5304364754645,44.9841197758491,43.7615171769149,42.7708726919111,41.4242080751451,40.3502482236108,39.8949745313198,40.0892356991896,40.5678803196047,40.5504728612768,40.2666258575515,40.2666258575515,40.2666258575515,40.2666258575515
336,"VAT","Holy See",-8888,-8888,-8888,-8888,-8888,-8888,-8888,-8888,-8888,-8888,-8888,-8888,-8888,-8888,-8888,-8888,-8888,-8888,-8888,-8888,-8888,-8888,-8888,-8888,-8888,-8888,-8888,-8888
340,"HND","Honduras",54.281452893151,52.6539556950165,50.994283702322,49.1676021003703,47.5949304185332,46.6758036536921,46.0342185686196,45.5708246295168,45.1377373276628,44.7209391063331,44.6140071044924,44.6619269981136,44.8228000403857,44.838939613922,44.4753447555333,43.6493129308506,41.7512160698521,39.0025990121938,37.6986587100483,36.9169417120063,36.8421531438519,38.7699774276586,40.7663433571905,40.7486618322774,39.644445419493,39.644445419493,39.644445419493,39.644445419493
344,"HKG","Hong Kong",-8888,-8888,-8888,-8888,-8888,-8888,-8888,-8888,-8888,-8888,-8888,-8888,-8888,-8888,-8888,-8888,-8888,-8888,-8888,-8888,-8888,-8888,-8888,-8888,-8888,-8888,-8888,-8888
348,"HUN","Hungary",9.52678098748395,11.7221882059915,12.9860317011008,13.6196540489212,14.7427943950604,17.1917778533914,18.8651510525,19.4150671740928,19.8057748177189,20.7888142705079,20.8348071593787,22.0912839534309,22.3237930066729,23.7282891347277,24.1546959845523,25.2450843584849,26.4303021389673,27.7466613525475,29.8376546255285,31.0556123532806,31.5827781200824,33.8614391022957,34.5742337802142,34.5972873400604,35.293786429808,35.293786429808,35.293786429808,35.293786429808
352,"ISL","Iceland",81.1681915247501,82.0913105317419,83.1488222122433,84.2937103593973,85.6666801680687,87.2764427146829,88.5333385178353,89.7913540429483,91.5454799339036,93.1741747423634,94.3642952662066,95.2514353189939,96.1066434262971,97.1917177746538,98.2191914220812,99.4039915597851,100,100,100,100,100,100,100,100,100,100,100,100
356,"IND","India",13.2911741021113,12.8073465163942,11.2578923464018,10.4229111716571,10.1648445299292,9.56788212574202,8.99726306132838,8.62618263279292,8.67599629445506,9.22978108486119,8.44065938776225,7.36169271670697,6.27215447495233,5.19150468265222,5.09627751366669,4.50960350007115,3.08815626222497,1.34517446585028,0,0,0,0,0.810442726009697,0.482803566469372,0.0339702222549363,0.0339702222549363,0.0339702222549363,0.0339702222549363
360,"IDN","Indonesia",22.4478323873093,22.3116851574205,22.058332348621,21.7286731027475,21.5257315707495,21.4139162314898,21.3711324829122,21.363856208892,21.4166085878211,21.4197618866777,21.3494445198433,20.9607251482404,20.1656944906524,19.2045968731383,18.5205411709702,18.3887257314898,18.5912943017511,18.6330196795443,18.7711027605912,19.0642789647518,19.2734989568634,20.169424808061,20.8427161308058,20.560763194958,19.5648773617727,19.5648773617727,19.5648773617727,19.5648773617727
364,"IRN","Iran",1.79304750036155,1.94424881636752,1.90376662473169,1.94565286696451,2.04783474704092,2.35656755304069,2.83689635271355,3.57112423338364,4.44262113181442,5.46662585763707,6.45076414144096,7.28035999281732,8.1706285925264,8.92879036414584,9.55140622993001,10.4054782280299,11.4183446612187,12.055090048541,12.3729130217488,12.7829577450046,13.2926101236822,14.7233723100338,15.7730963577233,16.6215542467907,17.1990919726457,17.1990919726457,17.1990919726457,17.1990919726457
368,"IRQ","Iraq",0,0,0,0,0,0,0,0,0,0,0,0,0,0,0,0,0,0,0,0,0,0,0,0,0,0,0,0
372,"IRL","Ireland",44.7444706691415,46.420808031229,47.9143416289415,49.4001002063024,50.7402501476605,52.7786384105401,55.2718330585413,57.3223789824053,59.4727250389651,61.3329638909289,63.7055362789467,65.3715913951913,67.1140576691312,68.4311285344643,69.677194552525,72.3724432970795,73.462119955831,75.6056231946636,78.0581026694297,80.9676503304817,83.5744072506772,87.2301281150724,89.4003397081305,89.3016756285893,88.0335578656648,88.0335578656648,88.0335578656648,88.0335578656648
833,"IMN","Isle of Man",-8888,-8888,-8888,-8888,-8888,-8888,-8888,-8888,-8888,-8888,-8888,-8888,-8888,-8888,-8888,-8888,-8888,-8888,-8888,-8888,-8888,-8888,-8888,-8888,-8888,-8888,-8888,-8888
376,"ISR","Israel",30.4424584101764,31.8590578207882,33.1077149765051,34.2144352350194,35.8802065019876,37.2125241212204,38.7406181929421,39.8103921622436,40.9431096158195,42.3056646617165,43.2451900038692,44.2076823896155,44.5926152432928,45.4916497882106,46.4491873127084,47.2428364136751,47.8399907204187,48.9747474230286,50.2087597785001,51.6226406576773,52.5495640862808,54.875515935212,56.5933003452239,56.8209314494032,56.8958886000627,56.8958886000627,56.8958886000627,56.8958886000627
380,"ITA","Italy",36.2196416898689,37.3268279006391,38.1521568005313,38.656709330046,39.7018692264429,41.1307183420704,42.367329200913,43.5488577292393,44.4447098370029,46.3720652181982,47.5498520302764,48.7348964292961,49.7564565067382,50.6091797718216,51.4867176372991,52.7784510298065,53.7547441221091,54.9908435291742,56.6321130654213,58.255984255524,59.0241698935807,61.810026043548,63.3435996472124,63.4118947612806,63.3784729988094,63.3784729988094,63.3784729988094,63.3784729988094
388,"JAM","Jamaica",45.4602713020021,44.3875979036236,42.614076322079,41.0039695305124,39.0876350753127,38.4285929327847,37.8648440019143,38.8438187463016,39.6162636143185,40.4364431300866,41.8722781253649,41.7823517718823,39.3393059008401,37.005070940155,36.0215475785454,39.7067909840277,37.8055635955922,39.4758391976525,38.8149034010934,35.9828451506915,35.5564362907556,35.8478623683443,36.1572914641169,36.2442118034627,36.0962411401696,36.0962411401696,36.0962411401696,36.0962411401696
392,"JPN","Japan",62.0938299896635,63.3207770416784,64.1478120824251,64.2494885427325,64.5903505402277,65.7686864128786,66.920295413121,68.1804095106428,69.1960298550527,70.4627196566603,71.1566030430944,72.3538205950688,73.4106335342337,74.3810619597244,75.2086973302133,75.5625947472412,75.206818053308,74.6164079348059,73.7006900213239,73.0613826914363,73.0086477935065,73.1375914375953,73.6734749537338,73.7492733414739,73.8255613900865,73.8255613900865,73.8255613900865,73.8255613900865
832,"JEY","Jersey",-8888,-8888,-8888,-8888,-8888,-8888,-8888,-8888,-8888,-8888,-8888,-8888,-8888,-8888,-8888,-8888,-8888,-8888,-8888,-8888,-8888,-8888,-8888,-8888,-8888,-8888,-8888,-8888
400,"JOR","Jordan",1.4489461713496,1.60005107818097,2.47115962249509,3.34985565004197,4.27219472583802,5.44771222327326,5.6365290845732,5.77329936640336,6.55388973837701,6.44974417946381,6.39638272735033,6.8745210127467,8.90214326318674,10.9220606373401,12.1555891576153,13.1116340765853,13.9899159114594,15.1078616573063,16.1751657335114,16.5833940375576,17.0557405817415,17.7653510694629,18.8084550052061,19.4894858926387,20.0646198215715,20.0646198215715,20.0646198215715,20.0646198215715
398,"KAZ","Kazakhstan",2.45892213666482,2.39363526227498,3.46078233895561,4.9707653212933,6.26627986934712,6.42512942143406,6.57354551646475,6.49451852682576,6.24491521948151,6.87832312392057,7.10317122255347,7.54414576281393,8.06612736194749,9.46463961396765,10.7072203437692,10.8568681541899,11.2730030097412,11.631881220619,12.4527647842801,13.4007788528545,14.2404573263229,15.3221502732173,16.5707699682966,16.8546493048647,17.3594511353276,17.3594511353276,17.3594511353276,17.3594511353276
404,"KEN","Kenya",54.1823236312652,52.835114855105,50.9712601372629,49.1022007991157,47.8660288910636,46.7412925272865,46.5404343001406,46.1067535393228,45.7661931037939,45.5699021220874,45.3883412486332,44.6571563005047,43.2493511250086,41.6655104144224,40.0316332761206,38.7596553898147,37.7365552951036,36.8073208972149,36.1173361658648,35.7347689397785,35.9845749738937,37.2055132933935,38.928099515084,40.72645837949,42.9096636729514,42.9096636729514,42.9096636729514,42.9096636729514
296,"KIR","Kiribati",39.4062240143144,38.8807772587074,38.3480026176179,38.015348432423,37.6115810641032,37.5822195958968,37.6623727244646,37.7749623204124,37.9022400237206,38.1724083568442,38.5674273331701,39.0964285580018,39.8267156994241,40.6385505294888,41.5070885591647,42.1974156011249,42.7153276510762,43.2053138047793,43.6750204558311,44.0777858440742,44.3373302459069,42.6190145481774,40.3950069243143,39.3391367467805,38.7756099848898,38.7756099848898,38.7756099848898,38.7756099848898
689,"XKX","Kosovo",-8888,-8888,-8888,-8888,-8888,-8888,-8888,-8888,-8888,-8888,-8888,-8888,-8888,-8888,-8888,-8888,-8888,-8888,-8888,-8888,-8888,-8888,-8888,-8888,-8888,-8888,-8888,-8888
414,"KWT","Kuwait",8.34234344034695,9.76611195100664,6.54358792501813,7.96982389930295,5.18344216427883,5.74698858735728,9.2192594868017,7.20885729351212,7.6653419133264,7.15265262752203,6.43104601777966,6.23382709392865,6.77261458038829,4.41875997851639,6.14508122789111,9.8171617056753,12.0041929791951,11.9611071718608,12.8972307934711,13.5968285506033,13.3891500898264,13.9818666651813,14.3533005006245,14.6726304192757,14.6713703971449,14.6713703971449,14.6713703971449,14.6713703971449
417,"KGZ","Kyrgyzstan",8.95073998479388,9.69280434006791,9.9567932507875,10.0981760383491,10.5697704678201,9.80126687973647,9.88479706583669,9.73705370988954,9.64093067765529,10.5879318340921,10.6154327694754,10.0482886176733,10.4763545859268,11.696175527236,13.1421925565599,13.8474363861286,14.1718009307761,14.2916971286816,14.5698753661173,14.9418319698955,15.4343989663097,17.6293809529692,18.5012445627316,18.9505429468249,18.7150048810351,18.7150048810351,18.7150048810351,18.7150048810351
418,"LAO","Laos",33.4924498388121,33.3805446695588,33.2491221703134,33.1088850445039,32.9620302096811,32.8839690585194,32.5029598201895,32.2220259112191,31.8758623084973,31.6498055380856,31.4373118406918,30.9925075160307,30.4055500707542,29.4100473106492,29.2674044247286,29.9596198660949,31.1654123796048,32.3224913361098,33.4328132287567,34.4865262051497,35.2724510184565,35.9589623402291,36.4564213796773,35.5552875598341,33.4592741682366,33.4592741682366,33.4592741682366,33.4592741682366
428,"LVA","Latvia",7.43956545756558,13.0816468674675,15.7429580248889,15.7464142855994,18.7361075530279,20.3287018714149,19.0834051909797,19.7949621330015,20.9176002120391,21.6265686619706,20.6316446287686,19.3829348604648,20.0182598987042,22.8108395842342,24.5982695922826,25.5574439503983,27.7294667892275,30.2037286305047,32.4296419029109,35.9747276715861,39.4381086964656,44.3019308901263,46.8240354077975,46.9354919787384,46.5463818815345,46.5463818815345,46.5463818815345,46.5463818815345
422,"LBN","Lebanon",10.0857593094539,10.926973768201,11.7112411852302,12.5876107675667,13.4615983482582,14.1305184866481,14.5645423232949,14.7986919814611,14.7716218005742,14.5415079278149,14.1595424312191,13.5368914284939,12.6949581838854,11.8912031903529,11.3842622020091,11.3316892239302,11.3810365659191,11.6316407468323,11.8001404993139,11.9582316826408,12.3140553357863,13.4992606516998,14.7016701612308,15.1672269851794,15.5684915519088,15.5684915519088,15.5684915519088,15.5684915519088
426,"LSO","Lesotho",28.0330450142473,27.2682839562644,26.223275182619,24.7982056343968,23.44203672736,21.8144260392,20.970028866544,19.9686352206329,18.9224554755448,17.9004236649405,17.0546339834925,15.7306637083215,13.5534342274831,11.1308518088656,9.64595220648104,8.4150861433961,7.50570033873376,6.57364099641059,5.974287610079,5.53733796577063,5.61687626459877,6.56012942608368,7.48355567637957,8.15422522335209,8.71342150207224,8.71342150207224,8.71342150207224,8.71342150207224
430,"LBR","Liberia",46.8454188048292,47.0064788661705,47.0141865815259,46.6343441128634,46.794748189863,46.6678081116782,46.367809095919,45.5052696984637,44.7248520100141,44.4907802424267,44.2571914705264,44.4756913408509,44.7685412571709,44.812429496235,44.5664715636739,44.3329129830176,42.5606543786973,38.8782790572431,36.0380026131791,34.6569263911161,34.3352580939057,36.0500255455582,38.0412610291795,37.7581415724513,36.1615789696402,36.1615789696402,36.1615789696402,36.1615789696402
434,"LBY","Libya",9.95752215727869,10.3198889595071,9.69611796442334,8.90242898653952,8.42228660076204,8.18390730236534,8.01841507503183,7.75710461095088,8.24636640780083,9.56151853414005,9.74693370012982,9.58352649110149,7.22977943202669,7.35091244405741,6.84953515557177,7.94868284576526,8.44398578869304,9.66446592009906,10.4207375734408,10.7961070553664,11.0156269737843,11.0460967874828,11.0883530862285,10.930930640463,10.6160946788759,10.6160946788759,10.6160946788759,10.6160946788759
438,"LIE","Liechtenstein",-8888,-8888,-8888,-8888,-8888,-8888,-8888,-8888,-8888,-8888,-8888,-8888,-8888,-8888,-8888,-8888,-8888,-8888,-8888,-8888,-8888,-8888,-8888,-8888,-8888,-8888,-8888,-8888
440,"LTU","Lithuania",19.6287449294766,23.2476419531418,26.7666058223182,28.6405157741872,31.0802165500372,32.5345923715401,31.6355165442889,32.2977337378384,32.3629955981532,32.3805257668753,30.5366650822984,29.5449467810294,28.5348175354825,30.0370333998349,33.1484905957182,33.4283186550667,34.7306365154436,36.765219818689,38.671406572066,42.3589393368504,44.5453555125315,48.6333087620397,54.1749271813746,54.5182986632648,54.5355959693282,54.5355959693282,54.5355959693282,54.5355959693282
442,"LUX","Luxembourg",43.3911974897193,44.7916678992326,46.8697326022894,48.7629266321302,50.8225374983733,52.3705721427631,54.1805288303117,55.290105413369,56.5792299416041,57.4805017341506,58.6384603415433,59.3237020757049,60.3143832909724,60.9930945653681,61.189458755815,61.8069556232804,63.2132181958234,65.4574263034206,68.2790209289368,71.4217206789754,74.3759485250085,77.3480500911406,78.5950942579335,78.4656503595814,77.4972086328137,77.4972086328137,77.4972086328137,77.4972086328137
446,"MAC","Macao",-8888,-8888,-8888,-8888,-8888,-8888,-8888,-8888,-8888,-8888,-8888,-8888,-8888,-8888,-8888,-8888,-8888,-8888,-8888,-8888,-8888,-8888,-8888,-8888,-8888,-8888,-8888,-8888
450,"MDG","Madagascar",61.2374805997308,61.0539530908345,60.6601669401435,59.8746013142891,59.550479566782,59.1231574122496,58.5459702408106,57.0182475906568,55.5494506507194,54.6240401247876,54.0541611768092,54.121087535573,54.211530428903,53.8049367563176,53.5154148653258,53.4000442491214,52.6062417224834,51.4698923315297,50.3152940285448,49.4222140427584,49.350402492898,50.189870707332,50.9940007021506,50.8093739377698,50.0269462991611,50.0269462991611,50.0269462991611,50.0269462991611
454,"MWI","Malawi",61.8352848089263,61.8306402325097,61.0250375464047,59.7779866678272,58.3330710933808,57.7642044894233,58.1047067111689,58.3842364046369,58.5593760437376,58.829006940455,59.1794760549774,58.8203079309257,58.2565558656076,57.4195889825501,55.9763861239213,54.5640978637126,53.262643909274,52.1201140992366,51.2637365765736,50.823455710317,51.0003360715043,52.3123044681976,54.0824739455673,54.7139483969742,55.3411581926903,55.3411581926903,55.3411581926903,55.3411581926903
458,"MYS","Malaysia",13.6516126857388,15.2432083190991,16.3420174755655,17.6561740052467,15.5574951021817,17.9560406983044,18.9254269550798,19.2772416462579,19.1469497769649,19.9829592324511,20.7201001108547,21.5878686031593,22.5187865503538,22.6366509102046,22.8450223564768,24.0018326688191,24.5456151786854,24.8120370770173,25.9938455298595,25.3485458545429,25.2495378836407,26.830241424948,28.5442303477091,28.72674795802,28.1735132371451,28.1735132371451,28.1735132371451,28.1735132371451
462,"MDV","Maldives",37.8397367110529,38.3957007969046,39.8793510615055,42.5610845906456,45.1447032996525,46.2785755195508,46.9563678848104,48.2261012427416,48.8173190940339,49.4211753288945,49.7466119930183,49.6635581105511,49.2461306545915,48.6463918940176,48.1814938453152,48.4018284494384,50.0006282439261,52.4074286311368,55.2012829332746,57.6968890487071,59.1035958097304,56.9797453831278,55.0357442266279,55.1089700985281,55.4421568240299,55.4421568240299,55.4421568240299,55.4421568240299
466,"MLI","Mali",49.2580894949495,48.750794192939,47.6916862641745,46.5804042936834,45.6871619528935,45.1313679480051,45.3597154275762,44.8419881936494,45.1164393645208,45.2789477154767,45.2317700608628,44.8105879915164,44.1979587603962,43.0387038820077,42.0562076932573,41.4574018263781,40.972876383032,40.0663659798563,39.2099988535266,38.5694128258596,38.0616036834208,37.5414787330407,37.7192649130009,38.0487053292039,38.1423413662202,38.1423413662202,38.1423413662202,38.1423413662202
470,"MLT","Malta",37.4730194860274,38.0157423192425,38.8445398652521,40.3433242888205,41.1889061535601,42.3182290505655,43.2555301885389,44.0927591889204,45.1293283873013,46.3822104578512,47.3371020866332,47.8685855045629,47.3731747866026,46.6886106787033,46.6017085980584,47.0013278615774,47.9420900284079,50.0301829389507,52.8815032469078,55.7698608390755,58.5609349437069,60.3779737819391,61.7502021853616,61.923691905174,61.2878278136517,61.2878278136517,61.2878278136517,61.2878278136517
584,"MHL","Marshall Islands",40.7929294122827,39.4054178276769,37.724999973455,36.2732900387795,34.94504280532,33.8038206777062,32.9487788403565,32.1055997846719,31.3372392135885,30.7852540128764,30.3664618842374,29.9476835301394,29.9020030393639,29.9031376375916,29.9730665347428,30.0623290963334,30.2262738484075,30.4726445720068,30.7241317278231,30.9056451044276,30.9304934353088,30.3647461760034,29.7182457686194,29.5145984420186,29.4583534324357,29.4583534324357,29.4583534324357,29.4583534324357
478,"MRT","Mauritania",15.8306848755228,14.9258356837248,14.4048192760633,13.7361105640656,13.9913859004238,13.8956054850163,13.9859348171237,14.4063946794922,15.2920461128192,15.4684189915289,15.6226893871004,15.511855850578,15.981408825747,16.0547118372782,14.9232507585891,14.7991656326636,14.0246777199493,12.3900300114704,11.4460375740346,11.5400824781289,11.0943989727709,11.6245154853048,11.3998469170989,11.8958613918181,12.2338718874548,12.2338718874548,12.2338718874548,12.2338718874548
480,"MUS","Mauritius",18.9718356050975,18.7183144334368,17.9944470645335,19.3452692502384,19.4453491106034,20.2594778649757,20.4621015547506,19.7843649363975,19.643131315473,20.0714885739149,20.4521203694557,21.6413949084355,23.2599535868599,23.9740733599211,24.8447115316699,26.2566059228542,27.1648152446414,27.6169620905662,28.6889531932282,28.4185725773238,28.7479227193147,29.3145475217111,29.6705512702016,29.5926791572999,29.6523901542393,29.6523901542393,29.6523901542393,29.6523901542393
484,"MEX","Mexico",22.6177588412326,22.8754514273671,23.0200075352162,23.638891673992,24.4459386347175,25.6232392403468,26.9302892735796,28.1108977945384,29.6007616482174,31.6094123205096,32.2795731126932,33.4124667404425,34.2400933936941,33.9254652442948,33.7518145899152,34.5284772745971,35.0011557333443,34.786816747623,33.6476823404258,33.2775841896128,33.496266438758,33.8263524377834,33.7873000062652,34.2675593104345,34.4309702779937,34.4309702779937,34.4309702779937,34.4309702779937
583,"FSM","Micronesia",32.7538956394528,31.9340005688049,31.1953751827897,30.5540605220609,29.9655576524826,29.4354612070725,29.0125334103534,28.5035999664442,28.0573281685757,27.5092448668089,27.0738441536462,26.8026664625984,26.5522384220994,26.2589005432739,25.9542313274078,25.5701588607245,24.6962054204114,23.3417510669544,21.8690999744808,20.6763693758712,20.1749616071204,21.8308232034504,23.6265342462075,23.3619502368994,22.1522619921636,22.1522619921636,22.1522619921636,22.1522619921636
498,"MDA","Moldova",9.43823664912841,11.2910187907143,14.3896392751761,16.5105880699389,16.6778801106072,17.0662446683132,17.6451091428187,16.8853537746837,15.8764073973029,15.7616602526909,14.1092985693491,14.8642753156264,15.0345060347862,15.4408650453525,15.4536403524098,15.10374836592,19.1445118218633,20.2818346251716,22.4520226973533,22.606828909047,23.1842736601744,27.8314206697593,33.1763390373644,33.9107280523624,33.8949674869511,33.8949674869511,33.8949674869511,33.8949674869511
492,"MCO","Monaco",66.5933470059019,63.9956433836226,58.391746804297,52.9694589116435,49.3493090223955,48.340644306245,48.9184242492396,49.6483190160803,50.4158713486824,51.1492417238496,51.7367707257788,52.2132519785671,52.7702800165436,53.260055367935,53.5973822391279,53.9966650667463,54.5036709354452,55.2206195399356,56.0428322309384,57.1332527948965,58.5124536852784,61.5406658461041,64.1098336334005,64.3580698781895,64.2210233539698,64.2210233539698,64.2210233539698,64.2210233539698
496,"MNG","Mongolia",4.65797654449732,3.52501007896268,2.67075036617332,1.98206668985128,1.25221082773893,0.807251251433286,0.728845497808152,1.22528369092389,1.9583633619597,2.89650561705723,3.73400499572197,4.29916298794878,4.52573724092699,4.22380119164472,2.97474573959316,2.12507453893289,1.46917722714554,0.979803086632472,0.703258084082563,0.922063883212289,1.5428142338999,1.76712102836794,1.84299733636804,1.53161699724076,0.45738247536714,0.45738247536714,0.45738247536714,0.45738247536714
499,"MNE","Montenegro",11.0663989911841,10.7211461566074,10.1651059830091,10.5095152986354,11.0022814736388,11.3400922840217,11.5490151224422,11.9201319966068,12.0234948392913,12.3795025954499,12.6066771181703,13.0395418559444,13.7029168042755,14.2917311346874,14.7185579789082,15.4757560029902,16.2272108129264,17.2874375209503,17.8364610999794,18.26974760134,18.9379197237941,19.7757646630193,20.6402969192752,21.6441093750708,22.4052296819458,22.4052296819458,22.4052296819458,22.4052296819458
504,"MAR","Morocco",14.8292956245267,13.9394487097826,12.5445013208964,11.3082424497501,9.93842646527615,9.75906721984092,9.47763039319835,9.28833479285932,8.5392728506243,8.13597310540071,7.6502874148857,7.15685060584903,6.61479355914877,6.1627593858379,5.9034513959257,5.84686659430253,6.00277235646911,6.02071537112369,4.97130696563087,5.01072813325909,4.91718795214304,4.35125482347364,3.71032244596128,3.46753335367876,3.46241859261833,3.46241859261833,3.46241859261833,3.46241859261833
508,"MOZ","Mozambique",78.2355140567579,77.8272518142034,77.0570911212312,76.0351346781267,74.9283659211968,74.0005081939659,74.0783246693399,73.8123962363668,73.6278763177936,72.9325442913056,71.9224524910371,69.8189906780535,68.0235047739788,66.0384503136699,64.3749724462951,62.7540793763719,61.2469746822443,59.408072437415,58.1273962717065,57.3126162289113,57.1951259133341,57.7621920304074,58.3429948476763,58.722733882611,58.959567405444,58.959567405444,58.959567405444,58.959567405444
104,"MMR","Myanmar",21.8527668443744,21.6999181323853,21.5630250136795,21.2916136574965,21.0374717522781,20.7046433708139,19.982980059744,18.727913884293,17.2937834904398,15.7743662939055,14.9581819129604,14.2964784760687,13.8459782259379,13.370254277873,13.1765883097095,13.7419937481818,14.4391709059825,15.4181489955692,16.0461537080229,16.7840135801373,17.4176410457797,18.0238970767724,18.5646667288135,18.4933853344939,17.8051497956298,17.8051497956298,17.8051497956298,17.8051497956298
516,"NAM","Namibia",24.4921241034295,23.6811694833287,22.4714756017761,20.8124574480979,19.2555838310359,17.8826269169575,17.7329706123365,17.0855173335205,17.1201730390706,17.4492112356799,17.6964372583079,18.0525628378027,17.9058712533049,17.6781167715462,17.304717453942,16.8831013432387,17.0341462192896,16.8797873502716,16.3179976215592,15.9639140857013,15.8604708335653,16.2702775565542,16.8460451063684,17.3428136608378,17.9448714900626,17.9448714900626,17.9448714900626,17.9448714900626
520,"NRU","Nauru",28.4694769012964,28.1315272287976,28.6155953918773,29.65375246509,30.728056749915,31.3105258709712,31.0747965450361,31.027198257149,31.1349154164369,31.2690273136189,31.5531197841052,32.1355903601874,32.8011244335626,33.8042723923975,34.7184233421728,35.7239737659941,36.5124913739381,36.9092810014973,37.3487854370914,37.7994435554334,37.9288274003666,37.1758980857865,36.6273358341234,37.105226940649,37.8849310608834,37.8849310608834,37.8849310608834,37.8849310608834
524,"NPL","Nepal",26.2321411082889,25.9694203319768,25.127143344335,24.1916347966986,23.3208558800491,22.5044028945476,21.9757372274452,21.4164394433477,20.7208332468455,19.7982650144249,18.3210405203087,16.9687744493547,15.7604497252318,14.6288731368308,13.5060303840591,12.5557715481913,11.1097795878609,9.40326944695988,7.60274603056504,6.7070358492365,6.43679316969705,7.05830564905875,7.61678781008602,7.27063340563046,6.01583808770798,6.01583808770798,6.01583808770798,6.01583808770798
528,"NLD","Netherlands",36.2793174257998,37.1346609232436,38.4927151346356,39.5139069697327,40.3891524325035,41.5321478861391,43.0212017583502,44.5007780553342,46.1644235575194,48.3897701042961,49.9554016335038,51.3938008832873,52.5691804786967,53.2198424457831,53.9586178291119,54.7613657417782,56.4164913136172,58.605603780381,61.4708754499215,64.3462549664993,65.7908339505869,66.3309211877402,66.7817569695389,67.3426140846828,68.0549549439347,68.0549549439347,68.0549549439347,68.0549549439347
540,"NCL","New Caledonia",-8888,-8888,-8888,-8888,-8888,-8888,-8888,-8888,-8888,-8888,-8888,-8888,-8888,-8888,-8888,-8888,-8888,-8888,-8888,-8888,-8888,-8888,-8888,-8888,-8888,-8888,-8888,-8888
554,"NZL","New Zealand",75.91963064836,77.1261264203787,78.5349020458988,80.5003852208946,81.1448805625782,82.6083169839792,84.0784302874036,85.6489816330912,88.1840911334479,90.4312323012813,92.8295920129189,94.2328404202257,95.0096533366897,95.8279549085528,96.521417506306,97.3125959994947,98.4688190605783,99.7432193619878,100,100,100,100,100,100,100,100,100,100
558,"NIC","Nicaragua",59.5141325517811,58.2798266587652,58.5727803629628,58.1133283006831,56.9438001919552,56.5879148351523,55.2538722748085,53.4448227641154,52.0545398730362,51.0465636947374,49.5699430218854,50.8933588970423,49.9187619300791,49.466829872389,49.5371427806326,49.877726518253,48.9658555560238,47.9237901038592,46.8574566618687,46.0826716751984,46.7160273548361,47.0836138280201,48.557129278865,48.2021894022244,46.8875003604739,46.8875003604739,46.8875003604739,46.8875003604739
562,"NER","Niger",37.3342655260902,38.1251339400221,37.8499095913081,37.7365904415041,37.4703415587143,37.3350123129933,37.3928910029361,38.0203092685669,38.3642244290387,40.0169326702117,39.7730646682647,41.2027457273783,42.1604154476057,44.3714993337011,45.0882826664617,45.7458328726403,44.8787148046287,43.4417286491914,41.5643150923764,40.2386887931672,39.519396972864,40.3952750757465,41.6003640025328,41.955974997234,41.4589159248834,41.4589159248834,41.4589159248834,41.4589159248834
566,"NGA","Nigeria",25.5687680039419,24.9872422664227,24.2752339001706,23.3844855669536,22.5078879583161,21.979575298424,21.7136820960434,21.0929522993956,20.6778138049561,20.3700078880039,20.4851592428058,20.2627274917366,20.1669620666792,20.1098234187032,19.4624081619179,18.6880998157564,17.2103353232463,14.8801258687399,12.6725388372801,11.2335538307757,10.6176275614654,11.0242332918203,11.9520901038926,12.1430195192618,11.6167478518369,11.6167478518369,11.6167478518369,11.6167478518369
570,"NIU","Niue",44.7381670648975,44.1578683786169,43.5185190589299,43.2587607941369,42.9365100841807,42.8128455066677,42.8297245238596,42.9047285360916,43.0237401306728,43.2111140215866,43.6192949798408,44.0436996798744,44.8686302562966,45.6617424385264,46.96173949864,47.8139923675415,48.138333427682,48.488604791243,48.6784779206719,48.7209781746742,48.5974047158029,47.1751383453199,45.6946938742704,45.1948013012106,45.0626170195679,45.0626170195679,45.0626170195679,45.0626170195679
408,"PRK","North Korea",21.8572877586367,21.6315383660576,21.3009867138887,20.9600526905875,20.6175354125121,20.3276705882098,20.0059798342907,19.5230058377434,19.1423289161415,18.720146353836,18.3927283217181,18.1944128815486,18.0873789398094,17.8559075803188,17.7524996250688,17.5492048066277,16.6677282331764,15.1548638052071,13.6422873982642,12.6643124879094,12.6038012318239,13.6580499946792,14.6415351821419,14.5386505382704,13.5934762444903,13.5934762444903,13.5934762444903,13.5934762444903
807,"MKD","North Macedonia",0,0,0,0,0,0,0,0,0,0,0.17670878452725,0,0,1.0547778550054,1.230605443936,2.33757859229836,3.48108781433508,3.78797299488089,5.00871013464736,5.35633595457023,5.84183535061302,5.99671567812841,6.93467321739931,7.60031126599058,8.21750828607657,8.21750828607657,8.21750828607657,8.21750828607657
578,"NOR","Norway",58.8197282937619,60.401364890213,61.6314365541629,62.4790899376042,63.6888209260494,65.2445504954097,67.5226297911855,70.5284277771382,74.6149418374183,78.3984678108586,80.8505579311665,81.9686081504071,82.7232242913852,83.4596295534331,84.2834263768111,85.6980796188175,87.0387777848275,89.6094392759217,92.3956003098471,95.8893128776699,98.7535906195776,100,100,100,100,100,100,100
512,"OMN","Oman",0,0,0,0,0,0,0,0,0,0,0,0,0,0,0,0,0,0,0,0,0,0,0,0.0192139031318135,0.979373346727471,0.979373346727471,0.979373346727471,0.979373346727471
586,"PAK","Pakistan",22.9478673967015,21.6567773264227,19.2539681506738,16.8805554270312,14.5065429101247,12.6749580043529,11.5363371454723,10.6610916204398,9.97231793048374,9.33220507664734,8.68382720512815,7.69126499147802,6.85420052077944,5.39696491881747,4.104690542394,2.91281402581338,1.65598381734225,0.142145501008571,0,0,0,0,0,0,0,0,0,0
585,"PLW","Palau",44.3071050861812,44.3352886419276,44.0523432484409,43.6217966130365,43.0852400167344,42.921759934381,42.7184184067977,42.4806345065675,42.3174249915281,42.0125626848068,42.0129335669463,43.1295925242995,45.6596016124344,48.8596900475733,51.7393948354003,53.0789133794884,48.8992087610196,40.8372674309605,33.3141296230257,28.3038878823907,26.5862850992457,33.4540449399086,42.2991608007243,42.6294680937292,42.7306185737476,42.7306185737476,42.7306185737476,42.7306185737476
591,"PAN","Panama",52.2082056939478,52.3800350133977,49.8868640534872,48.7229560447968,48.1343217241902,49.2353009827929,49.5040180470819,49.7664455191264,49.4640761775519,50.0451305213127,49.978891663377,49.9108053648072,50.4398093107763,50.2374841812387,50.1078016641557,50.2257785911005,49.6604782075618,48.9170240965287,48.5214713759268,48.4276749836483,49.1502284450806,51.3707308475869,53.9224375913258,55.219192909751,55.8736137720358,55.8736137720358,55.8736137720358,55.8736137720358
598,"PNG","Papua New Guinea",51.2012612213063,50.9763107652863,50.7691620438159,50.102774777171,49.7853950474398,49.7135953912806,49.8303935116734,50.164168948011,50.6369394467156,50.8221839207316,50.5479079817408,49.6747971301331,48.1731303758165,46.5887867035326,45.337275315466,44.3079639670982,43.9397724362916,43.7460637501761,43.7618449284982,43.7975085350427,43.7572110542991,43.8833475028733,43.8221516520011,43.2455552845295,42.3720645274924,42.3720645274924,42.3720645274924,42.3720645274924
600,"PRY","Paraguay",53.6751026948264,52.7361641890656,53.0670972899897,52.2309176873647,51.186557964336,51.1724891372927,51.9612738910214,52.1679689281461,51.6194565895178,50.7927150520347,50.9994050423543,50.6566633489979,50.9899825108183,50.7740061394855,49.8901671597215,50.1694929406344,51.6540702766681,53.2188242470667,54.0108631989618,55.7032801258997,56.2426290971834,54.5810856147491,53.6931070283779,53.3422442848406,52.9468533199058,52.9468533199058,52.9468533199058,52.9468533199058
604,"PER","Peru",27.31238098655,29.5295407246661,30.7497325857818,31.9189031806174,34.1961313890977,34.6217882181425,36.3839230806856,37.179981929634,37.4367069553915,38.4569476790276,38.9991295312252,39.8082247104723,40.7864374060023,40.3912443617092,37.4588472234959,36.7433736093083,37.0187280819504,37.4536829231662,37.8298586192933,38.8288819039881,39.6635079814322,39.831213920977,40.3455909534697,40.4526044843423,40.3835639675792,40.3835639675792,40.3835639675792,40.3835639675792
608,"PHL","Philippines",29.8382591617409,28.8902991571439,28.1386063312341,26.8067900209232,25.0386590213634,23.1954645463871,21.6882548894688,20.6530185768858,20.659508020461,20.7609129578466,20.3077628700216,20.700758584447,21.7470835273264,22.4027188231068,23.0716439211574,23.9091704757691,24.4182445877298,24.6981682884,25.0914036935824,25.3238869278679,25.2107925602743,25.6339413454263,25.9227602148698,26.0221664021765,25.6444721786395,25.6444721786395,25.6444721786395,25.6444721786395
616,"POL","Poland",7.92269456759639,9.53356578101854,10.7814945039794,12.5482496517746,13.5178511036651,16.0775996359023,17.5283960980937,18.9107611571896,19.8958272865313,20.310707310684,20.9318515664819,21.2479201524378,21.3711801578634,21.8269612116708,22.4826322256363,23.9180845459855,25.2263824545835,26.5725237282099,28.7085377010144,31.1554827028008,31.6363190606148,32.3300839012106,32.4369698888495,32.6029386263484,32.8639917933691,32.8639917933691,32.8639917933691,32.8639917933691
620,"PRT","Portugal",49.0933461154311,49.2166299774708,49.5792479604572,49.6929696217406,49.9359624134243,50.9467205660439,52.2690325366203,53.6200767996471,55.3745374598785,57.9235184678807,59.6288414004224,61.7451306418626,63.6388552852614,65.5353672879705,67.2240015431325,69.2963784775093,71.0290181354279,72.8294489482997,74.8303207536418,76.8469793287973,78.7340730835768,79.9951755254196,81.4093403054574,82.3841308810479,83.0097601586924,83.0097601586924,83.0097601586924,83.0097601586924
634,"QAT","Qatar",0,0,0,0,0,0,0,0,0,0,0,0,0,0,0,0,0,0,0,0,0,0,0.762962819268026,1.66684994016804,2.39065895412274,2.39065895412274,2.39065895412274,2.39065895412274
178,"COG","Republic of Congo",19.8775573348893,18.744726488217,17.5884465079513,17.5390471685873,17.2202220181761,17.6297441830816,18.5648968644666,19.3620882364399,19.3300164706684,19.4926342196974,19.4976717720531,19.1973542401893,18.3579341289368,17.3203395378712,16.4444542946192,15.6877985027719,14.6369016534278,12.9984179268309,11.567995477838,10.4807735659357,10.3167006248933,10.8661169836454,11.2610269067932,10.8830184472872,10.0730691484853,10.0730691484853,10.0730691484853,10.0730691484853
642,"ROU","Romania",10.3859965864614,9.37051493098127,9.72629905791327,11.7216961045675,13.9329163510306,15.3422932493692,15.4340211225512,15.7545362478798,16.676841615303,18.1671273104452,19.2182365495197,20.6260892597666,22.0412309534268,22.2431415042691,22.5855609828005,23.4266712865422,26.0968950046854,27.3078957792922,29.8751702703846,30.3090290584279,31.6875969070825,32.4727396156945,32.9529462213185,33.1085860212408,33.2472868227945,33.2472868227945,33.2472868227945,33.2472868227945
643,"RUS","Russia",7.87423810214678,10.8829108890304,13.633894765886,14.8843246180733,13.0275753520827,12.2253379670754,12.3517765509196,12.3483660966116,12.4812667787806,14.106873493515,13.5544279284467,16.6085239225617,18.2105852392576,17.8944873568447,19.396065740324,19.466959504646,22.5390428281937,24.7555653944357,27.3745318996048,29.1125578919704,31.9552353541867,35.4803025427274,39.6178541033612,40.0015482177015,39.5932184399879,39.5932184399879,39.5932184399879,39.5932184399879
646,"RWA","Rwanda",34.146561715436,35.5120597640759,35.5813747806961,35.0589654117522,35.7676206616856,36.7044054338301,37.9102808013601,38.5045469822838,39.1082973266787,38.9464410033571,39.6020828468798,40.4995782521642,40.7857753809311,40.933166201341,42.2169205023583,41.8346136119689,41.2868058323651,39.9190679398924,40.0240193781951,38.85233449153,38.5125528643746,39.0664196834824,39.667160567023,38.9528488805427,37.717545338488,37.717545338488,37.717545338488,37.717545338488
652,"BLM","Saint Barthelemy",-8888,-8888,-8888,-8888,-8888,-8888,-8888,-8888,-8888,-8888,-8888,-8888,-8888,-8888,-8888,-8888,-8888,-8888,-8888,-8888,-8888,-8888,-8888,-8888,-8888,-8888,-8888,-8888
659,"KNA","Saint Kitts and Nevis",39.3169202031978,39.9499592636569,40.7940056742878,41.4683333196051,42.621536980789,43.937714167738,45.5111884006997,47.5220101819229,49.9162644216287,51.3923400170468,52.7563747632287,53.1093738562436,53.4637401209469,55.6089512068462,55.8192092748036,55.9161483867482,55.9147069978438,55.5360420572996,54.8604839430165,54.1670850503072,53.7320461596833,54.1096094993791,54.4613109021622,53.9462957186256,51.6895623487865,51.6895623487865,51.6895623487865,51.6895623487865
662,"LCA","Saint Lucia",24.7085972645202,24.8469469209485,24.9722389817962,25.197482996298,25.2100488299911,25.9326808410222,26.38350577187,27.0846311169242,27.6869621722408,28.2998099757907,28.9123300346543,29.8004288387551,30.5720980085363,30.8507226651594,31.1292141147415,31.7039882550108,31.5344673682149,30.8914570428782,29.6251738569206,28.7547906507231,28.2616876787081,27.8639134626689,28.4993780460166,28.3068887155669,27.7976413588868,27.7976413588868,27.7976413588868,27.7976413588868
670,"VCT","Saint Vincent and the Grenadines",24.0576579643388,23.2868750184879,22.7458314532834,21.8773006135395,21.6178068303548,21.8652878016485,22.8964464019037,23.438038713879,24.0370201218908,24.789287603243,25.6103664401194,26.2280302309165,26.6139603737306,26.2081930331065,25.8821057806606,25.6586176910892,24.9519063971894,23.9161142898994,22.891174370565,22.1580917068299,22.1725662354507,22.9781911034731,23.7195059820633,23.7315324844708,23.3315804003564,23.3315804003564,23.3315804003564,23.3315804003564
882,"WSM","Samoa",40.1251005138538,40.272274227952,40.4288702772808,40.6266204873737,40.5210508639305,40.5721134242945,40.5952118942071,40.5599476968786,40.3492776325991,40.2590066318828,40.3442154443147,40.5830911503489,41.0912262212747,41.6310616857701,42.0371496320419,42.3268319313502,42.3756526724818,42.315105214019,42.2328590106955,42.0459150307012,41.8004476815171,41.2882739221197,40.5435212163285,39.7594059350651,39.0054443116396,39.0054443116396,39.0054443116396,39.0054443116396
674,"SMR","San Marino",68.2074311971295,69.3496618524659,70.4608591770018,71.4131103038959,72.432217638579,73.2386555900074,74.1165686136228,74.9823187893204,75.807392550796,76.4028654714723,77.1574058386129,78.4758855311588,80.3272127148834,82.2681017296468,83.7594762686673,84.4673220499994,84.0215960166077,82.8370915119749,81.4572416329506,80.2724714715309,79.7381606970789,80.0305849668353,80.384542779716,80.3637460525707,80.1762078104582,80.1762078104582,80.1762078104582,80.1762078104582
678,"STP","Sao Tome and Principe",42.7349848927984,41.7707208279621,40.3506959300607,38.5643423795625,37.0100414917266,37.6478897534209,36.5983545039961,34.2223535511298,34.6732902018582,31.9978191801945,33.2555392945896,31.5181093773399,31.0796239699422,31.5702458400867,31.2245416168032,30.2306455437546,29.5665792957484,27.0259726123378,23.8925380175448,21.0303992519178,20.574922837691,22.2691374701035,23.891596030989,23.5693955291002,21.9621448209558,21.9621448209558,21.9621448209558,21.9621448209558
682,"SAU","Saudi Arabia",0,0,0,0,0,0,0,0,0,0,0,0,0,0,0,0,0,0,0,0,0,0,0,0,0,0,0,0
686,"SEN","Senegal",29.6933826642238,29.4352950701524,28.9496106247172,28.0547473270069,27.4838262103169,28.3024676100401,24.459762979094,24.8924178698044,26.6628640946273,25.9643718004175,26.4532868018211,27.319877881099,27.5982778543439,27.6690595540817,27.3934877054828,29.298795170772,28.6145157576813,28.0189865231432,26.6041251098359,24.641273902882,23.992001780937,23.5668316981655,23.8855194258769,24.8285848716638,25.2221900553452,25.2221900553452,25.2221900553452,25.2221900553452
688,"SRB","Serbia",3.30530705750566,2.50276175361807,1.35913760794655,3.95337862278743,4.90260615164362,4.74359903273032,5.74572063612992,6.36231372937793,6.26087774333318,6.4874670873275,6.50622130317909,7.39370026432756,8.22792517963039,8.6940256908857,9.15870072433708,10.3611740177575,11.4083521302732,13.0552394201683,13.8643622848885,14.5941207748577,15.2534928700487,17.1164338647146,17.9531481581917,18.4966876091792,18.9545710485608,18.9545710485608,18.9545710485608,18.9545710485608
690,"SYC","Seychelles",25.7138664799668,25.9156963405012,26.4949717488845,26.8888901276461,27.2706228510595,27.9298460208199,28.1636201008522,27.9005887594132,27.6167653672812,28.2974320250686,28.4955681224704,28.9134384308445,29.7256950166104,30.2873814104071,30.7987284607977,31.6228547019829,32.2084938794081,32.1943675899553,32.4962587503757,32.5062843780584,32.1007817619727,31.1077079344423,30.6157706984353,30.7934946193258,31.2164142301978,31.2164142301978,31.2164142301978,31.2164142301978
694,"SLE","Sierra Leone",35.5820598324927,35.7392163272232,34.8739863708156,34.7441819234642,34.9047234307795,34.8091815177673,34.8323542115916,34.6759771659477,34.5149760177052,33.8776971872593,33.4628194894629,33.4151599724076,33.6578980224302,34.5673304519915,34.9617425678624,34.6706340744126,33.8044932040169,31.7435335442529,29.7934090841442,28.4470397133531,28.3604789047445,29.3547066618839,30.0168282398173,29.744486300267,29.0264307534356,29.0264307534356,29.0264307534356,29.0264307534356
702,"SGP","Singapore",30.5850980036562,31.6538597566574,32.9116290092498,33.8447664439593,35.4292327847841,37.029323514488,38.8064198712078,40.4581947608945,42.405957734987,44.3030268216147,46.6324688818477,48.2814860251688,49.652913843378,51.1640554215899,53.0607525472348,54.4140396953282,55.077435500213,54.572751266812,53.9402018957957,53.5973150264994,53.7805735092862,54.9204129580848,56.0436036686053,56.0220594510169,55.9946869246813,55.9946869246813,55.9946869246813,55.9946869246813
534,"SXM","Sint Maarten",-8888,-8888,-8888,-8888,-8888,-8888,-8888,-8888,-8888,-8888,-8888,-8888,-8888,-8888,-8888,-8888,-8888,-8888,-8888,-8888,-8888,-8888,-8888,-8888,-8888,-8888,-8888,-8888
703,"SVK","Slovakia",8.71719374276726,10.6027327914363,11.0856866014926,12.4193062734464,14.3158132939944,16.1957225809098,17.1108573549525,17.8053013285799,18.2368051583788,19.4206337093315,19.33881916445,20.3095789295167,20.6213489181184,22.0789832557132,23.4173089498603,25.414045853537,26.7386041835344,28.7163200717588,30.6494449866602,32.2039110780044,32.4758044831738,34.7403571753397,35.4008934095594,35.5456219656925,35.4236181899384,35.4236181899384,35.4236181899384,35.4236181899384
705,"SVN","Slovenia",25.4005899459556,26.2902927212549,27.219586795737,28.4625588049921,30.3424496564239,32.3347388745943,33.0466518118509,35.0043272896336,35.6850739191611,37.560498187365,40.1000207834818,41.2962084571174,43.16886896532,45.2114526869201,47.1086114431624,48.4182948864731,49.9081393667751,50.69411245034,52.0314258763215,54.7342993011027,54.4080290859416,56.3181218473815,57.2477355742961,57.2068250707714,56.7777665339644,56.7777665339644,56.7777665339644,56.7777665339644
90,"SLB","Solomon Islands",49.5412471926338,48.859968726088,48.1064860084779,47.233432100321,46.621156995882,46.2221424009025,46.0136993247741,45.9747384681719,45.8462817448444,45.7385005191921,45.315160387736,44.5515554840127,43.5794404480081,43.3469087303111,41.6204623784808,40.6976305817064,39.089386812971,37.9630495400831,36.8982561225869,35.8791698425566,35.2643208557419,35.1992830472182,34.7585910849904,33.5597279922493,32.1423006781136,32.1423006781136,32.1423006781136,32.1423006781136
706,"SOM","Somalia",81.6367075195479,80.6315353730663,78.0146194398213,75.2846408138561,73.3621490500178,72.9248494960828,73.9225741084327,75.0457155467991,76.3632403731233,77.4840297773707,78.3176697419908,78.5240075341949,77.6232351426642,76.5180145621076,75.8250457167463,75.332818179507,75.3482935119311,75.6935751589073,76.032261081314,76.3022055055717,76.4898579764092,75.8228573211245,75.4294149344,75.1812921788436,75.3163670148631,75.3163670148631,75.3163670148631,75.3163670148631
710,"ZAF","South Africa",10.981656983063,9.81674211192147,6.41729973513183,5.87118106763212,6.24788765999583,5.20625504187682,5.58429739460709,5.40766613389104,5.15028259323969,5.43672270343639,5.53900138521387,5.09375328439867,5.00474195173652,4.58585293185317,4.6877617429227,5.28213685985308,6.37047189119905,7.23876356989601,7.90473225618254,7.90098865741709,8.19671206745085,9.13902872072163,10.0588020264069,11.9811499796411,13.0501899179533,13.0501899179533,13.0501899179533,13.0501899179533
410,"KOR","South Korea",23.6145362215733,25.0802119924442,26.2853949445635,27.1740427041047,28.0284579282024,29.0582727702775,30.533082667859,31.8572030673327,33.2510044529063,34.9380653554121,36.7906184663554,38.7977084611025,40.6635402995344,42.4287867332295,43.8753840147409,44.9569306750082,45.6153571208777,45.6938653404033,45.7653959852234,46.0697200674721,46.6539981633022,47.7165083627534,47.9975169359469,47.8288923378905,47.2409813306273,47.2409813306273,47.2409813306273,47.2409813306273
728,"SSD","South Sudan",41.2648035855808,41.3616588417097,40.7981981023682,39.6660126825516,38.9551857463402,38.8186600914477,39.5442966377571,40.0060683957073,40.2505669017808,40.2649814267658,39.9764750683973,39.423814684707,38.9272725402976,38.3561831209623,37.9432456800118,37.7511850111449,37.28224569971,36.3331831434353,35.0904285341859,34.2839263808466,33.3439303217806,33.4111108130657,35.1011143535732,36.0129409248681,36.3087269057087,36.3087269057087,36.3087269057087,36.3087269057087
724,"ESP","Spain",53.9522520895216,54.2021505917002,54.5146228146624,54.1231014790998,53.6879695433484,54.6197559278538,55.7505284582632,56.892946385996,58.121239142354,60.006314434453,61.335024843119,62.9543389293801,64.1166348151727,65.5481133528711,67.2113465214872,68.7840005153205,70.0424181805763,71.3663200696858,73.170593862012,74.530514344503,75.6274038101791,77.9205928571731,79.3492740977284,79.5539867666474,79.5783791654897,79.5783791654897,79.5783791654897,79.5783791654897
144,"LKA","Sri Lanka",39.4552834989077,38.0183305143262,35.5880365564437,35.996200385106,34.8877211606452,34.028626235993,34.9416544899347,35.4178453129026,34.5710586449559,34.498985430854,32.5319152989604,32.9488175629104,32.7045123785271,31.4094984858207,31.2049702395648,31.3714392001467,31.7807863940997,33.3136685914361,35.6198820858524,36.7621883560192,38.1198759516424,37.7819005975757,37.1152651285526,37.401047808871,37.3530633904727,37.3530633904727,37.3530633904727,37.3530633904727
275,"PSE","State of Palestine",7.1806046293498,6.30420918733051,5.66731346369593,5.3260798391667,5.13640457077307,4.79927209427244,4.45097363066652,4.06136762255178,4.06863533076641,4.07990914175899,4.29747451980822,4.27203207194391,4.46157139792322,4.49438792742016,4.62354853258437,4.82901696452154,5.24503418103268,6.62812682511117,7.23434080538544,6.38457584701551,5.96320306229833,6.97652788065338,8.14046230866168,8.5515270808425,8.60049706551575,8.60049706551575,8.60049706551575,8.60049706551575
729,"SDN","Sudan",31.1607350702997,30.3732548838599,28.9237476417591,27.1552814699868,25.5800699737876,24.3132266746241,23.3675154854095,22.3767983014846,21.6148838515198,20.7524275434816,19.5711681429522,18.4397032756274,17.3193297173154,16.1159037829141,14.8513245564227,13.7552550999582,12.8178981255422,11.7432529142295,10.8745794431097,9.89791831158864,8.96725372314262,7.884264012412,6.6908445565555,5.49988143998556,4.39865498134748,4.39865498134748,4.39865498134748,4.39865498134748
740,"SUR","Suriname",19.4611920432708,19.670056285349,18.4819923329137,15.9314690662103,13.8430339959033,13.5022984905536,13.6634028500871,13.973707124968,15.0162678929976,16.5156664461457,18.134021060172,19.2624324923845,19.9570757163841,20.2821915967828,20.6502433329298,20.8712547270262,21.0521945106709,20.5452353424161,18.7346691966775,17.2703828610383,16.2178507736475,17.5259611263826,19.4891172367882,20.5413995033799,21.4384955193399,21.4384955193399,21.4384955193399,21.4384955193399
752,"SWE","Sweden",70.4576927090164,71.671635708836,72.8161226018317,73.8197283448207,74.7516557286737,76.1610694598054,77.839159420747,80.4073950507294,83.4179677874785,85.9633593347453,88.1680415159285,88.8378390969627,89.3833047303553,89.7777832657099,90.0206892319617,90.8822223906629,92.9065514356179,96.432913226347,100,100,100,100,100,100,100,100,100,100
756,"CHE","Switzerland",47.4399872748095,49.4877514984992,50.9108691723802,52.5096311489863,54.3106726068777,55.8175801741143,57.8251906866766,59.6524704510487,61.4566588657678,63.4459588728672,64.843994238072,65.812974347331,66.5981565884609,67.3499114358784,67.704899536003,68.8146654590965,70.1116592668276,71.3828068595078,72.8284119877548,74.921383446513,77.0513104611279,81.3941283253691,84.6066661003184,84.7588415153322,84.5565937623727,84.5565937623727,84.5565937623727,84.5565937623727
760,"SYR","Syria",0,0,0,0,0,0,0.136790345588963,0.557696265153581,2.27306937531817,2.39429132014727,3.05152949314832,3.12076439130639,2.47424786383147,0.953142187181783,1.07717678685351,0.945538554334476,0.738229018975019,0.667120240641864,0.702856845572171,0.832497650629335,1.21768876490081,2.08762518760786,2.98919048533763,3.46824018425716,3.83148210970495,3.83148210970495,3.83148210970495,3.83148210970495
158,"TWN","Taiwan",31.4472287961658,30.969600593416,31.2657838706041,30.9318635980196,31.2454527999607,31.1061738062877,31.4198549407161,32.1987250704374,32.8035744008753,32.9760205846664,33.2257585559936,34.709739292736,35.8970899920523,37.0661365752443,38.711053947439,39.6631601961107,38.7108531768801,38.7482996979314,38.7184125758361,37.7004437705927,38.0992818113584,39.0776581550152,40.6332075243387,40.6758828159948,40.6688605482257,40.6688605482257,40.6688605482257,40.6688605482257
762,"TJK","Tajikistan",7.09750893853665,7.51682946073115,7.92447966887683,7.95760709338337,8.09478523147146,8.45741045327809,8.43252690758196,8.37198020226346,8.34698461399306,8.05300603542466,7.35400335367521,6.82768603290427,6.14530912777177,5.68091465759085,5.21500258558864,4.18896310894741,3.01762124295192,1.88579510488363,1.00165719011962,0,0,0,0,0,0,0,0,0
834,"TZA","Tanzania",57.8964911302975,57.3323752192632,56.2591490169018,54.9951825963812,54.2461694923039,54.0412353064909,54.0903483961131,53.7607533324877,53.2161054844362,52.8670095200089,52.7017146596731,51.7257668291628,50.6796199757741,49.8605709981273,48.7180368894084,48.1149847865995,47.3493210635472,46.1036751185169,45.4135989200594,45.4511776925923,45.161062311131,45.899427145868,46.6954366792842,46.8338208102843,46.3652697284742,46.3652697284742,46.3652697284742,46.3652697284742
764,"THA","Thailand",21.8501474498673,21.361073798161,23.3633962305927,22.7651147200532,21.205655379523,21.5858147138511,23.3710025688586,23.449085915541,24.0264216787998,24.3545298268612,24.9700425088209,25.6337659205252,26.2865572112207,26.7354698744275,27.3415949991943,27.788148251644,29.0082507091017,30.4418052101908,32.2208414052374,33.2676415458159,33.9612464058532,33.7560648023754,34.1534649873004,33.8749913999204,33.2769964834673,33.2769964834673,33.2769964834673,33.2769964834673
626,"TLS","Timor-Leste",63.637934270796,64.6813380120529,66.0130817856911,66.5810676807236,66.9950454234124,67.4974295091642,67.1004299949749,65.2323992832621,62.2567769280958,60.1114174429616,58.2402782695188,56.9162965086482,54.4667193884585,52.6458691875816,50.2076439096555,48.8140147321334,47.2141616197692,46.0174798204368,45.1742299786457,44.2460597947448,43.5441620290064,42.9359169116533,42.5751117767706,42.1923101715239,41.912843336768,41.912843336768,41.912843336768,41.912843336768
768,"TGO","Togo",33.9259949182301,32.9376378668722,31.2835023587042,29.5450304454705,28.6795825936626,28.4138422604239,29.0071797848948,29.7181134231473,30.7890911026081,32.1213449492916,32.7935209848724,32.9766487871707,32.7712230886633,31.9252548360576,31.1303492051904,30.6110980945151,29.5308832830921,27.9329757984407,26.3253757998298,25.0491299142862,24.5623344814328,24.9838657681452,25.4442933496384,25.6170772340922,25.1041250508561,25.1041250508561,25.1041250508561,25.1041250508561
776,"TON","Tonga",50.8347206784204,49.9626807325596,48.7318712042073,46.8032623067569,44.8645399111692,44.5815961674204,44.8282839123874,44.5232534558537,44.2588263343428,44.8006515246064,45.9766389681785,45.921611429643,45.5663893720438,45.2264441819954,44.9864332281052,44.7916849138415,44.6953373864178,44.625516730114,44.4908219113263,44.3282064297114,44.1061043824374,43.3162700472815,42.6116095265335,42.4982343187586,42.5869882018527,42.5869882018527,42.5869882018527,42.5869882018527
780,"TTO","Trinidad and Tobago",8.65098734328906,7.91060889031311,9.41319872992806,8.56333087791123,8.72030579522554,10.7731953300561,11.6694616975162,13.7600373686131,14.4066772484274,16.4422417984176,18.0783958384568,19.7674051089449,20.3524267936267,19.7376640442008,21.2967546894269,22.0904506923868,22.828791769237,23.4999980022552,22.4309271192217,21.6899908827064,21.3089013362549,21.4793841591354,22.0079819644191,21.8131418991281,21.1870318306671,21.1870318306671,21.1870318306671,21.1870318306671
788,"TUN","Tunisia",10.7180331116376,10.3368058121772,9.14609324725662,8.1239117851439,7.56717087745344,7.66338849415462,8.17425290992053,8.77496450451358,9.4522662707284,10.1598990417239,10.6929013899805,10.9811114505782,11.00094589998,10.8713486108978,10.8437537466824,10.9634450158392,11.5401998211076,12.4688489271173,13.3176913480224,14.2469036634855,15.0754074354182,15.9028674964223,16.538894859702,16.8184619934172,16.9037441698933,16.9037441698933,16.9037441698933,16.9037441698933
792,"TUR","Turkey",6.69665610525905,7.60382662696603,8.17404744388067,9.11105394531438,10.5911396072812,12.7588678326268,13.6917448639247,14.4742020506756,15.7651652956869,17.1100766826513,18.4033400567178,18.9034435400222,18.7354569122694,18.0355033360114,16.4948613701993,16.2372778425998,16.8750674964799,17.5588180786412,17.8016089286591,17.9496692850658,18.585664459951,20.0491827406426,21.7623609467526,22.8530372246878,23.5981186611337,23.5981186611337,23.5981186611337,23.5981186611337
795,"TKM","Turkmenistan",0,0,0,0,0,0,0,0,0,0,0,0,0,0,0,0,0,0,0,0,0,0,0,0.167199567820504,0.940162923049087,0.940162923049087,0.940162923049087,0.940162923049087
796,"TCA","Turks and Caicos Islands",-8888,-8888,-8888,-8888,-8888,-8888,-8888,-8888,-8888,-8888,-8888,-8888,-8888,-8888,-8888,-8888,-8888,-8888,-8888,-8888,-8888,-8888,-8888,-8888,-8888,-8888,-8888,-8888
798,"TUV","Tuvalu",49.6521159696677,49.1010435991515,48.4932855924269,48.3574425282061,48.0275872409391,47.9145573307274,47.8598771930599,47.6575778339951,47.3303873652453,47.1589131966623,47.0718709431817,47.1591565797808,47.3237529729136,47.6320891421534,47.9070905321506,48.0568111096895,48.2144405962076,48.3198676339034,48.3955821847437,48.3762773006551,48.2752171633427,47.1501436897175,46.0880098968441,46.0232430328229,46.2494877454933,46.2494877454933,46.2494877454933,46.2494877454933
800,"UGA","Uganda",61.5116590225823,60.2309953314069,58.3942569304152,56.1723517619018,54.3329813512248,52.7801510847692,51.7877729983327,51.3731372861911,51.1261326931929,50.1986435940556,49.4709321135563,48.7245156220442,47.8830560636229,47.1894239325404,46.136550299785,44.6877010926387,43.0415853649386,40.8774744528863,38.4338637703913,36.9274897201761,37.1086655268785,37.2834632483027,39.1375022834585,39.821979884956,40.7850225564375,40.7850225564375,40.7850225564375,40.7850225564375
804,"UKR","Ukraine",4.26087300077049,5.32127520674322,7.12206787750831,9.70773867454692,9.42765054715444,8.93880243686191,9.665126011091,9.23913111051161,9.30245330591232,8.62895121828093,8.27090511389716,9.86250257110643,9.12163194781932,9.36069666281209,13.1927901900065,14.8705958855625,16.6733829726972,17.4628737433877,18.483730503369,21.3315613786412,15.8795691220623,19.3216257588614,21.8080909515727,21.5096761402322,21.703789874544,21.703789874544,21.703789874544,21.703789874544
784,"ARE","United Arab Emirates",0,0,0,0,0,0,0,0,0,0,0,0,0,0,0,0,0,0,0,0.457072764948862,0.802428626129341,1.67040555247223,2.50190099919215,2.99920241628526,3.40553110421168,3.40553110421168,3.40553110421168,3.40553110421168
826,"GBR","United Kingdom",36.6619152102112,38.0099194712331,39.5812427629788,40.8831812066516,42.2643402785586,44.33950303604,46.3205175882738,47.8075980777397,49.3669846650124,51.5468427726296,53.254888095169,54.6334788945001,56.011856805581,57.1838180116615,58.7808673345769,60.2564209686578,62.1108039148355,64.2480535167945,66.2576469682644,68.3484794495577,69.4016083797695,69.9627966873876,70.3144422513195,70.3766358539764,70.9665238788208,70.9665238788208,70.9665238788208,70.9665238788208
840,"USA","United States of America",43.0004594352703,43.9672798941459,44.9972404219758,45.8800261892797,46.546850312712,47.4310006666928,48.3148857571445,49.2454488576387,50.4539295651244,52.1253439587499,53.2624931720424,54.8761592124244,56.9114342667849,58.8399932125056,60.9902478291948,63.1621062005065,64.6513848585695,66.2598047318173,67.7855416471103,69.2711842936243,70.6324248861524,72.4791481955288,74.2024286738136,74.4636209563405,74.6415137200382,74.6415137200382,74.6415137200382,74.6415137200382
858,"URY","Uruguay",49.0362130766189,49.8884188882986,50.9089297626019,51.0330809660244,51.9162675111517,53.3080513141581,54.6590717786817,55.8393963291107,56.8421481946642,58.8391125181535,60.5053678760777,61.9299850693453,61.3578415634174,62.6240506944717,63.3148949003476,63.258105134349,62.9593864216676,63.0847350798777,63.2534476745954,63.8209470251388,63.8122362983758,64.9130535608142,65.7366673024318,65.9612391224692,66.1226939056127,66.1226939056127,66.1226939056127,66.1226939056127
860,"UZB","Uzbekistan",0,0,0,0,0,0,0,0,0,0,0,0,0,0,0,0,0,0,0,0,0,0,0,0,0,0,0,0
548,"VUT","Vanuatu",43.7946555267678,42.9903182637118,42.4166553457282,41.9761408638335,41.3149806384693,41.9183587268679,41.7936807470376,42.9576131594303,43.761626881363,43.8507079499088,43.0467167281247,42.3477449734642,40.8287323454011,39.4500316151414,38.4759164224204,37.9298070413902,37.366618778229,37.3016080529375,37.189872844285,37.0658351539276,36.909353692505,36.1475485408692,35.325936937585,34.8169143147349,34.4820422540264,34.4820422540264,34.4820422540264,34.4820422540264
862,"VEN","Venezuela",22.4071521262744,23.3903101368878,24.5872469478068,23.9231310370851,24.1731615418566,24.5664359293311,24.419046112262,24.5427500333046,23.775462397287,26.2817450558424,26.7870407078907,25.7712855311961,24.5121514201606,23.1303211227564,22.8252714002891,24.3759123770208,24.7014933984785,24.50193691202,25.4532219444749,26.0693925622026,26.5730483910323,26.5935276424452,26.5741254361653,26.4535628469422,25.1476750096673,25.1476750096673,25.1476750096673,25.1476750096673
704,"VNM","Viet Nam",41.1645535719369,40.488620244236,39.6943426598538,38.8017720635693,37.7954875561677,36.7211632332079,35.3643776455103,33.9278756056453,32.3664858083126,30.8406783101118,29.5234961550915,28.2413570322616,26.6550798143905,25.2577996308422,24.3016922861039,24.1332431596645,24.5231043268987,25.1924046401569,25.9266866825612,26.7243172031961,27.4539822070875,28.1280657558247,28.6255352408885,28.6788912112717,28.354720163098,28.354720163098,28.354720163098,28.354720163098
876,"WLF","Wallis and Futuna Islands",-8888,-8888,-8888,-8888,-8888,-8888,-8888,-8888,-8888,-8888,-8888,-8888,-8888,-8888,-8888,-8888,-8888,-8888,-8888,-8888,-8888,-8888,-8888,-8888,-8888,-8888,-8888,-8888
732,"ESH","Western Sahara",-8888,-8888,-8888,-8888,-8888,-8888,-8888,-8888,-8888,-8888,-8888,-8888,-8888,-8888,-8888,-8888,-8888,-8888,-8888,-8888,-8888,-8888,-8888,-8888,-8888,-8888,-8888,-8888
887,"YEM","Yemen",31.940344731563,30.3249852506057,27.6969185005747,25.082650596528,22.6308968206284,21.0811792519925,20.3164486590521,19.4519042607963,18.8290094122537,18.1921094861204,17.5299733470761,16.571094057554,15.3261413471917,13.9223736328151,12.9441061940033,12.3513938264652,11.180568104955,10.0328232760575,8.8751357483353,8.22025822423875,7.45955279202821,7.19155016624738,6.78297282879171,6.28428482805172,6.10022271584927,6.10022271584927,6.10022271584927,6.10022271584927
894,"ZMB","Zambia",40.7532959430184,40.4203749705876,39.9205096344689,39.2263238023642,38.6588871094219,38.2018307216365,38.1160237112536,38.2663221420374,38.0878038262497,37.6525203800268,37.3141190606476,36.5301127260679,35.7898384985698,34.7504202617987,34.0056192638786,32.9537263113121,31.744395395463,30.6960618660075,29.6729498306627,28.9841650028638,28.6996663061469,28.8669194452773,29.0879849875788,29.0524533114232,28.6490424193185,28.6490424193185,28.6490424193185,28.6490424193185
716,"ZWE","Zimbabwe",37.3101536368632,36.8514003090508,35.6542452996912,33.8623254417009,32.0871719213725,30.5217160221619,30.2087759948888,29.6175922286143,29.3548457225032,28.9477186963001,28.8658603579472,28.6612038288819,28.7038900960674,27.9330910493988,28.0753699072327,28.3822972935516,28.1893430992437,27.6510764588988,27.0609886887489,26.2513314862511,25.9215016425088,27.1162968843705,28.6931571781212,29.5691502067752,30.1049826520222,30.1049826520222,30.1049826520222,30.1049826520222
