"code","iso","country","REC.ind.1995","REC.ind.1996","REC.ind.1997","REC.ind.1998","REC.ind.1999","REC.ind.2000","REC.ind.2001","REC.ind.2002","REC.ind.2003","REC.ind.2004","REC.ind.2005","REC.ind.2006","REC.ind.2007","REC.ind.2008","REC.ind.2009","REC.ind.2010","REC.ind.2011","REC.ind.2012","REC.ind.2013","REC.ind.2014","REC.ind.2015","REC.ind.2016","REC.ind.2017","REC.ind.2018","REC.ind.2019","REC.ind.2020","REC.ind.2021","REC.ind.2022"
4,"AFG","Afghanistan",6.17999999999999,6.114,6.048,5.982,5.916,5.84999999999999,6.23399999999999,6.61799999999999,7.002,7.38600000000001,7.77,8.17,8.56999999999999,8.97,9.37,9.77,9.94800000000001,10.126,10.304,10.482,10.66,10.75,10.84,10.93,11.02,11.11,11.11,11.11
8,"ALB","Albania",14.95,15.234,15.518,15.802,16.086,16.37,16.668,16.966,17.264,17.562,17.86,18.104,18.348,18.592,18.836,19.08,19.244,19.408,19.572,19.736,19.9,20.016,20.132,20.248,20.364,20.48,20.48,20.48
12,"DZA","Algeria",9.8,9.834,9.86799999999999,9.902,9.93600000000001,9.97,10.044,10.118,10.192,10.266,10.34,10.364,10.388,10.412,10.436,10.46,10.514,10.568,10.622,10.676,10.73,10.792,10.854,10.916,10.978,11.04,11.04,11.04
20,"AND","Andorra",13.49,13.614,13.738,13.862,13.986,14.11,14.216,14.322,14.428,14.534,14.64,14.692,14.744,14.796,14.848,14.9,14.952,15.004,15.056,15.108,15.16,15.152,15.144,15.136,15.128,15.12,15.12,15.12
24,"AGO","Angola",12.97,13.134,13.298,13.462,13.626,13.79,14.138,14.486,14.834,15.182,15.53,15.968,16.406,16.844,17.282,17.72,17.854,17.988,18.122,18.256,18.39,18.51,18.63,18.75,18.87,18.99,18.99,18.99
660,"AIA","Anguilla",21.6,21.6,21.6,21.6,21.6,21.6,21.6,21.6,21.6,21.6,21.6,21.6,21.6,21.6,21.6,21.6,21.988,22.376,22.764,23.152,23.54,23.54,23.54,23.54,23.54,23.54,23.54,23.54
28,"ATG","Antigua and Barbuda",15.14,15.152,15.164,15.176,15.188,15.2,15.21,15.22,15.23,15.24,15.25,15.25,15.25,15.25,15.25,15.25,15.264,15.278,15.292,15.306,15.32,15.318,15.316,15.314,15.312,15.31,15.31,15.31
32,"ARG","Argentina",8.61,8.63199999999999,8.654,8.67599999999999,8.69799999999999,8.72,8.74000000000001,8.76000000000001,8.78,8.8,8.81999999999999,8.89400000000001,8.968,9.042,9.116,9.19,9.22199999999999,9.25399999999999,9.286,9.318,9.35000000000001,9.398,9.446,9.494,9.542,9.59,9.59,9.59
51,"ARM","Armenia",6.56999999999999,6.824,7.07799999999999,7.33200000000001,7.586,7.84,8.378,8.916,9.45399999999999,9.992,10.53,10.728,10.926,11.124,11.322,11.52,11.72,11.92,12.12,12.32,12.52,12.716,12.912,13.108,13.304,13.5,13.5,13.5
533,"ABW","Aruba",25.32,25.358,25.396,25.434,25.472,25.51,25.488,25.466,25.444,25.422,25.4,25.288,25.176,25.064,24.952,24.84,24.966,25.092,25.218,25.344,25.47,25.366,25.262,25.158,25.054,24.95,24.95,24.95
36,"AUS","Australia",51.01,51.13,51.25,51.37,51.49,51.61,51.694,51.778,51.862,51.946,52.03,52.082,52.134,52.186,52.238,52.29,52.358,52.426,52.494,52.562,52.63,52.678,52.726,52.774,52.822,52.87,52.87,52.87
40,"AUT","Austria",35.52,35.56,35.6,35.64,35.68,35.72,35.734,35.748,35.762,35.776,35.79,35.802,35.814,35.826,35.838,35.85,35.868,35.886,35.904,35.922,35.94,35.952,35.964,35.976,35.988,36,36,36
31,"AZE","Azerbaijan",6.17999999999999,6.386,6.592,6.798,7.004,7.21000000000001,7.666,8.122,8.578,9.03399999999999,9.48999999999999,10.206,10.922,11.638,12.354,13.07,13.278,13.486,13.694,13.902,14.11,14.166,14.222,14.278,14.334,14.39,14.39,14.39
44,"BHS","Bahamas",23.82,23.926,24.032,24.138,24.244,24.35,24.38,24.41,24.44,24.47,24.5,24.49,24.48,24.47,24.46,24.45,24.486,24.522,24.558,24.594,24.63,24.674,24.718,24.762,24.806,24.85,24.85,24.85
48,"BHR","Bahrain",13.42,13.45,13.48,13.51,13.54,13.57,13.628,13.686,13.744,13.802,13.86,13.848,13.836,13.824,13.812,13.8,13.848,13.896,13.944,13.992,14.04,14.046,14.052,14.058,14.064,14.07,14.07,14.07
50,"BGD","Bangladesh",10.09,10.228,10.366,10.504,10.642,10.78,10.962,11.144,11.326,11.508,11.69,11.908,12.126,12.344,12.562,12.78,13.034,13.288,13.542,13.796,14.05,14.384,14.718,15.052,15.386,15.72,15.72,15.72
52,"BRB","Barbados",10.16,10.192,10.224,10.256,10.288,10.32,10.33,10.34,10.35,10.36,10.37,10.368,10.366,10.364,10.362,10.36,10.388,10.416,10.444,10.472,10.5,10.51,10.52,10.53,10.54,10.55,10.55,10.55
112,"BLR","Belarus",15.62,15.806,15.992,16.178,16.364,16.55,16.738,16.926,17.114,17.302,17.49,17.646,17.802,17.958,18.114,18.27,18.354,18.438,18.522,18.606,18.69,18.762,18.834,18.906,18.978,19.05,19.05,19.05
56,"BEL","Belgium",31.59,31.606,31.622,31.638,31.654,31.67,31.674,31.678,31.682,31.686,31.69,31.692,31.694,31.696,31.698,31.7,31.706,31.712,31.718,31.724,31.73,31.732,31.734,31.736,31.738,31.74,31.74,31.74
84,"BLZ","Belize",9.42,9.502,9.584,9.666,9.748,9.83000000000001,9.938,10.046,10.154,10.262,10.37,10.332,10.294,10.256,10.218,10.18,10.198,10.216,10.234,10.252,10.27,10.302,10.334,10.366,10.398,10.43,10.43,10.43
204,"BEN","Benin",52.76,52.94,53.12,53.3,53.48,53.66,53.726,53.792,53.858,53.924,53.99,54.11,54.23,54.35,54.47,54.59,54.822,55.054,55.286,55.518,55.75,55.974,56.198,56.422,56.646,56.87,56.87,56.87
60,"BMU","Bermuda",14.61,14.606,14.602,14.598,14.594,14.59,14.584,14.578,14.572,14.566,14.56,14.554,14.548,14.542,14.536,14.53,14.518,14.506,14.494,14.482,14.47,14.472,14.474,14.476,14.478,14.48,14.48,14.48
64,"BTN","Bhutan",1.27000000000001,1.28399999999999,1.298,1.312,1.32600000000001,1.34,1.354,1.36800000000001,1.38200000000001,1.396,1.41,1.42999999999999,1.44999999999999,1.47,1.49000000000001,1.51000000000001,1.52200000000001,1.53400000000001,1.54600000000001,1.55800000000001,1.57000000000001,1.598,1.626,1.654,1.68199999999999,1.70999999999999,1.70999999999999,1.70999999999999
68,"BOL","Bolivia",29.19,29.29,29.39,29.49,29.59,29.69,29.816,29.942,30.068,30.194,30.32,30.528,30.736,30.944,31.152,31.36,31.586,31.812,32.038,32.264,32.49,32.878,33.266,33.654,34.042,34.43,34.43,34.43
70,"BIH","Bosnia and Herzegovina",13.68,14.882,16.084,17.286,18.488,19.69,19.788,19.886,19.984,20.082,20.18,20.448,20.716,20.984,21.252,21.52,21.766,22.012,22.258,22.504,22.75,22.96,23.17,23.38,23.59,23.8,23.8,23.8
72,"BWA","Botswana",17.44,17.71,17.98,18.25,18.52,18.79,18.922,19.054,19.186,19.318,19.45,19.51,19.57,19.63,19.69,19.75,19.902,20.054,20.206,20.358,20.51,20.618,20.726,20.834,20.942,21.05,21.05,21.05
76,"BRA","Brazil",2.55,2.554,2.55800000000001,2.562,2.566,2.56999999999999,2.57599999999999,2.58199999999999,2.58800000000001,2.59399999999999,2.60000000000001,2.616,2.63200000000001,2.648,2.664,2.68000000000001,2.696,2.712,2.72799999999999,2.744,2.75999999999999,2.77199999999999,2.78399999999999,2.79599999999999,2.80799999999999,2.81999999999999,2.81999999999999,2.81999999999999
92,"VGB","British Virgin Islands",11.69,11.778,11.866,11.954,12.042,12.13,12.138,12.146,12.154,12.162,12.17,12.19,12.21,12.23,12.25,12.27,12.318,12.366,12.414,12.462,12.51,12.506,12.502,12.498,12.494,12.49,12.49,12.49
96,"BRN","Brunei Darussalam",20.12,20.098,20.076,20.054,20.032,20.01,20.006,20.002,19.998,19.994,19.99,19.938,19.886,19.834,19.782,19.73,19.692,19.654,19.616,19.578,19.54,19.626,19.712,19.798,19.884,19.97,19.97,19.97
100,"BGR","Bulgaria",25.67,25.684,25.698,25.712,25.726,25.74,26.048,26.356,26.664,26.972,27.28,27.426,27.572,27.718,27.864,28.01,28.184,28.358,28.532,28.706,28.88,29.056,29.232,29.408,29.584,29.76,29.76,29.76
854,"BFA","Burkina Faso",16.3,16.594,16.888,17.182,17.476,17.77,17.99,18.21,18.43,18.65,18.87,18.996,19.122,19.248,19.374,19.5,19.796,20.092,20.388,20.684,20.98,21.382,21.784,22.186,22.588,22.99,22.99,22.99
108,"BDI","Burundi",5.65000000000001,5.626,5.60199999999999,5.578,5.554,5.53,5.502,5.474,5.446,5.41800000000001,5.39,5.426,5.462,5.498,5.53399999999999,5.56999999999999,5.652,5.73399999999999,5.816,5.898,5.97999999999999,6.21199999999999,6.444,6.676,6.908,7.14,7.14,7.14
132,"CPV","Cabo Verde",11.97,12.23,12.49,12.75,13.01,13.27,13.442,13.614,13.786,13.958,14.13,14.394,14.658,14.922,15.186,15.45,15.648,15.846,16.044,16.242,16.44,16.64,16.84,17.04,17.24,17.44,17.44,17.44
116,"KHM","Cambodia",6.12,6.292,6.464,6.636,6.80800000000001,6.98,7.28,7.58,7.88,8.17999999999999,8.48,8.67,8.86,9.05,9.24000000000001,9.43000000000001,9.678,9.926,10.174,10.422,10.67,11.008,11.346,11.684,12.022,12.36,12.36,12.36
120,"CMR","Cameroon",3.8,3.834,3.86800000000001,3.902,3.93599999999999,3.97,3.988,4.006,4.024,4.042,4.06,4.06400000000001,4.06800000000001,4.072,4.07600000000001,4.08,4.108,4.136,4.164,4.19199999999999,4.22,4.294,4.36800000000001,4.44200000000001,4.51599999999999,4.59,4.59,4.59
124,"CAN","Canada",22.34,22.408,22.476,22.544,22.612,22.68,22.714,22.748,22.782,22.816,22.85,22.852,22.854,22.856,22.858,22.86,22.886,22.912,22.938,22.964,22.99,23.018,23.046,23.074,23.102,23.13,23.13,23.13
136,"CYM","Cayman Islands",15.35,15.552,15.754,15.956,16.158,16.36,16.214,16.068,15.922,15.776,15.63,15.636,15.642,15.648,15.654,15.66,15.892,16.124,16.356,16.588,16.82,16.802,16.784,16.766,16.748,16.73,16.73,16.73
140,"CAF","Central African Republic",7.91,7.89400000000001,7.878,7.86200000000001,7.846,7.83,7.72199999999999,7.614,7.506,7.39800000000001,7.28999999999999,7.36199999999999,7.434,7.506,7.578,7.65000000000001,7.77200000000001,7.89400000000001,8.01600000000001,8.13800000000001,8.26000000000001,8.422,8.584,8.746,8.908,9.06999999999999,9.06999999999999,9.06999999999999
148,"TCD","Chad",8.53,8.498,8.46599999999999,8.434,8.402,8.37,8.866,9.36200000000001,9.858,10.354,10.85,10.784,10.718,10.652,10.586,10.52,10.584,10.648,10.712,10.776,10.84,10.892,10.944,10.996,11.048,11.1,11.1,11.1
152,"CHL","Chile",0.859999999999999,0.864000000000004,0.867999999999995,0.872,0.876000000000005,0.88000000000001,0.884,0.888000000000005,0.89200000000001,0.896000000000001,0.900000000000006,0.902000000000001,0.904000000000011,0.905999999999992,0.908000000000001,0.909999999999997,0.915999999999997,0.921999999999997,0.927999999999997,0.933999999999997,0.939999999999998,0.944000000000003,0.948000000000008,0.951999999999998,0.956000000000003,0.960000000000008,0.960000000000008,0.960000000000008
156,"CHN","China",20.14,20.346,20.552,20.758,20.964,21.17,21.402,21.634,21.866,22.098,22.33,22.528,22.726,22.924,23.122,23.32,23.448,23.576,23.704,23.832,23.96,24.052,24.144,24.236,24.328,24.42,24.42,24.42
170,"COL","Colombia",25.34,25.352,25.364,25.376,25.388,25.4,25.532,25.664,25.796,25.928,26.06,26.22,26.38,26.54,26.7,26.86,27.024,27.188,27.352,27.516,27.68,27.84,28,28.16,28.32,28.48,28.48,28.48
174,"COM","Comoros",9.77,9.7,9.63000000000001,9.56,9.48999999999999,9.42,9.434,9.44800000000001,9.462,9.476,9.48999999999999,9.452,9.414,9.37599999999999,9.33800000000001,9.3,9.36799999999999,9.43600000000001,9.504,9.572,9.64,9.73399999999999,9.828,9.922,10.016,10.11,10.11,10.11
184,"COK","Cook Islands",20.31,20.31,20.31,20.31,20.31,20.31,20.31,20.31,20.31,20.31,20.31,20.31,20.31,20.31,20.31,20.31,20.744,21.178,21.612,22.046,22.48,22.48,22.48,22.48,22.48,22.48,22.48,22.48
188,"CRI","Costa Rica",5.17,5.17800000000001,5.18600000000001,5.194,5.202,5.21000000000001,5.218,5.226,5.23400000000001,5.242,5.25,5.258,5.26600000000001,5.274,5.282,5.28999999999999,5.30000000000001,5.31,5.32000000000001,5.33,5.34,5.352,5.364,5.376,5.38800000000001,5.40000000000001,5.40000000000001,5.40000000000001
384,"CIV","Cote d'Ivoire",11.52,11.546,11.572,11.598,11.624,11.65,11.532,11.414,11.296,11.178,11.06,11.05,11.04,11.03,11.02,11.01,11.102,11.194,11.286,11.378,11.47,11.83,12.19,12.55,12.91,13.27,13.27,13.27
191,"HRV","Croatia",18.26,18.368,18.476,18.584,18.692,18.8,18.908,19.016,19.124,19.232,19.34,19.366,19.392,19.418,19.444,19.47,19.532,19.594,19.656,19.718,19.78,19.826,19.872,19.918,19.964,20.01,20.01,20.01
192,"CUB","Cuba",20.62,20.856,21.092,21.328,21.564,21.8,22.014,22.228,22.442,22.656,22.87,23.22,23.57,23.92,24.27,24.62,24.78,24.94,25.1,25.26,25.42,25.47,25.52,25.57,25.62,25.67,25.67,25.67
531,"CUW","Curacao",22.4,22.398,22.396,22.394,22.392,22.39,22.35,22.31,22.27,22.23,22.19,22.234,22.278,22.322,22.366,22.41,22.362,22.314,22.266,22.218,22.17,22.22,22.27,22.32,22.37,22.42,22.42,22.42
196,"CYP","Cyprus",17.26,17.294,17.328,17.362,17.396,17.43,17.45,17.47,17.49,17.51,17.53,17.538,17.546,17.554,17.562,17.57,17.586,17.602,17.618,17.634,17.65,17.642,17.634,17.626,17.618,17.61,17.61,17.61
203,"CZE","Czech Republic",33.72,33.822,33.924,34.026,34.128,34.23,34.44,34.65,34.86,35.07,35.28,35.4,35.52,35.64,35.76,35.88,36.028,36.176,36.324,36.472,36.62,36.756,36.892,37.028,37.164,37.3,37.3,37.3
180,"COD","Dem. Rep. Congo",5.52,5.23599999999999,4.952,4.66800000000001,4.384,4.10000000000001,4.188,4.276,4.364,4.452,4.54000000000001,4.592,4.64400000000001,4.696,4.74799999999999,4.80000000000001,4.90000000000001,5,5.10000000000001,5.2,5.30000000000001,5.512,5.72399999999999,5.93599999999999,6.148,6.36,6.36,6.36
208,"DNK","Denmark",34.27,34.364,34.458,34.552,34.646,34.74,34.776,34.812,34.848,34.884,34.92,34.914,34.908,34.902,34.896,34.89,34.954,35.018,35.082,35.146,35.21,35.244,35.278,35.312,35.346,35.38,35.38,35.38
262,"DJI","Djibouti",13.16,12.972,12.784,12.596,12.408,12.22,12.296,12.372,12.448,12.524,12.6,12.678,12.756,12.834,12.912,12.99,13.16,13.33,13.5,13.67,13.84,14.052,14.264,14.476,14.688,14.9,14.9,14.9
212,"DMA","Dominica",12.24,12.266,12.292,12.318,12.344,12.37,12.368,12.366,12.364,12.362,12.36,12.392,12.424,12.456,12.488,12.52,12.548,12.576,12.604,12.632,12.66,12.656,12.652,12.648,12.644,12.64,12.64,12.64
214,"DOM","Dominican Republic",7.66,7.86200000000001,8.06400000000001,8.26599999999999,8.468,8.67,8.744,8.818,8.892,8.96599999999999,9.04000000000001,9.248,9.456,9.664,9.872,10.08,10.248,10.416,10.584,10.752,10.92,11.05,11.18,11.31,11.44,11.57,11.57,11.57
218,"ECU","Ecuador",25.9,25.854,25.808,25.762,25.716,25.67,25.88,26.09,26.3,26.51,26.72,26.818,26.916,27.014,27.112,27.21,27.238,27.266,27.294,27.322,27.35,27.49,27.63,27.77,27.91,28.05,28.05,28.05
818,"EGY","Egypt",18.54,18.832,19.124,19.416,19.708,20,20.174,20.348,20.522,20.696,20.87,21.248,21.626,22.004,22.382,22.76,23.132,23.504,23.876,24.248,24.62,25.006,25.392,25.778,26.164,26.55,26.55,26.55
222,"SLV","El Salvador",14.33,14.372,14.414,14.456,14.498,14.54,14.576,14.612,14.648,14.684,14.72,14.744,14.768,14.792,14.816,14.84,14.892,14.944,14.996,15.048,15.1,15.13,15.16,15.19,15.22,15.25,15.25,15.25
226,"GNQ","Equatorial Guinea",10.49,12.112,13.734,15.356,16.978,18.6,19.496,20.392,21.288,22.184,23.08,23.232,23.384,23.536,23.688,23.84,23.812,23.784,23.756,23.728,23.7,23.738,23.776,23.814,23.852,23.89,23.89,23.89
232,"ERI","Eritrea",8.33,8.30199999999999,8.274,8.246,8.218,8.19,8.11,8.03,7.95,7.87,7.78999999999999,7.634,7.47799999999999,7.32199999999999,7.166,7.01000000000001,7.01000000000001,7.01000000000001,7.01000000000001,7.01000000000001,7.01000000000001,6.96600000000001,6.922,6.878,6.83399999999999,6.78999999999999,6.78999999999999,6.78999999999999
233,"EST","Estonia",37.29,37.478,37.666,37.854,38.042,38.23,38.362,38.494,38.626,38.758,38.89,38.892,38.894,38.896,38.898,38.9,38.928,38.956,38.984,39.012,39.04,39.054,39.068,39.082,39.096,39.11,39.11,39.11
748,"SWZ","Eswatini",15.59,15.672,15.754,15.836,15.918,16,16.076,16.152,16.228,16.304,16.38,16.46,16.54,16.62,16.7,16.78,16.886,16.992,17.098,17.204,17.31,17.308,17.306,17.304,17.302,17.3,17.3,17.3
231,"ETH","Ethiopia",8.09,8.176,8.262,8.348,8.434,8.52000000000001,8.63800000000001,8.756,8.87400000000001,8.992,9.11,9.40600000000001,9.702,9.99799999999999,10.294,10.59,10.82,11.05,11.28,11.51,11.74,11.962,12.184,12.406,12.628,12.85,12.85,12.85
234,"FRO","Faeroe Islands",25.34,25.354,25.368,25.382,25.396,25.41,25.418,25.426,25.434,25.442,25.45,25.448,25.446,25.444,25.442,25.44,25.436,25.432,25.428,25.424,25.42,25.448,25.476,25.504,25.532,25.56,25.56,25.56
238,"FLK","Falkland Islands",26.93,26.93,26.93,26.93,26.93,26.93,26.93,26.93,26.93,26.93,26.93,26.93,26.93,26.93,26.93,26.93,27.024,27.118,27.212,27.306,27.4,27.4,27.4,27.4,27.4,27.4,27.4,27.4
242,"FJI","Fiji",15.07,15.11,15.15,15.19,15.23,15.27,15.326,15.382,15.438,15.494,15.55,15.524,15.498,15.472,15.446,15.42,15.502,15.584,15.666,15.748,15.83,15.876,15.922,15.968,16.014,16.06,16.06,16.06
246,"FIN","Finland",34.49,34.588,34.686,34.784,34.882,34.98,35.022,35.064,35.106,35.148,35.19,35.198,35.206,35.214,35.222,35.23,35.252,35.274,35.296,35.318,35.34,35.36,35.38,35.4,35.42,35.44,35.44,35.44
250,"FRA","France",31,31.054,31.108,31.162,31.216,31.27,31.292,31.314,31.336,31.358,31.38,31.382,31.384,31.386,31.388,31.39,31.422,31.454,31.486,31.518,31.55,31.568,31.586,31.604,31.622,31.64,31.64,31.64
258,"PYF","French Polynesia",37.43,37.498,37.566,37.634,37.702,37.77,37.786,37.802,37.818,37.834,37.85,37.892,37.934,37.976,38.018,38.06,38.184,38.308,38.432,38.556,38.68,38.616,38.552,38.488,38.424,38.36,38.36,38.36
266,"GAB","Gabon",22.1,22.03,21.96,21.89,21.82,21.75,21.716,21.682,21.648,21.614,21.58,21.604,21.628,21.652,21.676,21.7,21.784,21.868,21.952,22.036,22.12,22.178,22.236,22.294,22.352,22.41,22.41,22.41
270,"GMB","Gambia",9.48,9.542,9.604,9.666,9.72800000000001,9.78999999999999,9.90600000000001,10.022,10.138,10.254,10.37,10.534,10.698,10.862,11.026,11.19,11.322,11.454,11.586,11.718,11.85,12.078,12.306,12.534,12.762,12.99,12.99,12.99
268,"GEO","Georgia",12.05,12.432,12.814,13.196,13.578,13.96,14.318,14.676,15.034,15.392,15.75,16.012,16.274,16.536,16.798,17.06,17.236,17.412,17.588,17.764,17.94,18.282,18.624,18.966,19.308,19.65,19.65,19.65
276,"DEU","Germany",49.24,49.274,49.308,49.342,49.376,49.41,49.418,49.426,49.434,49.442,49.45,49.47,49.49,49.51,49.53,49.55,49.578,49.606,49.634,49.662,49.69,49.706,49.722,49.738,49.754,49.77,49.77,49.77
288,"GHA","Ghana",8.95,9.01600000000001,9.08200000000001,9.148,9.214,9.28,9.402,9.524,9.646,9.768,9.89,10.056,10.222,10.388,10.554,10.72,10.916,11.112,11.308,11.504,11.7,12.028,12.356,12.684,13.012,13.34,13.34,13.34
300,"GRC","Greece",21.29,21.364,21.438,21.512,21.586,21.66,21.746,21.832,21.918,22.004,22.09,22.106,22.122,22.138,22.154,22.17,22.194,22.218,22.242,22.266,22.29,22.322,22.354,22.386,22.418,22.45,22.45,22.45
304,"GRL","Greenland",31.46,31.558,31.656,31.754,31.852,31.95,31.966,31.982,31.998,32.014,32.03,32.068,32.106,32.144,32.182,32.22,32.296,32.372,32.448,32.524,32.6,32.594,32.588,32.582,32.576,32.57,32.57,32.57
308,"GRD","Grenada",14.72,14.77,14.82,14.87,14.92,14.97,14.986,15.002,15.018,15.034,15.05,15.044,15.038,15.032,15.026,15.02,15.044,15.068,15.092,15.116,15.14,15.124,15.108,15.092,15.076,15.06,15.06,15.06
320,"GTM","Guatemala",9.13000000000001,9.2,9.27,9.34,9.41,9.48,9.506,9.532,9.55799999999999,9.584,9.61,9.684,9.758,9.83199999999999,9.90600000000001,9.98,10.02,10.06,10.1,10.14,10.18,10.224,10.268,10.312,10.356,10.4,10.4,10.4
831,"GGY","Guernsey",26.01,26.01,26.01,26.01,26.01,26.01,26.01,26.01,26.01,26.01,26.01,26.01,26.01,26.01,26.01,26.01,26.01,26.01,26.01,26.01,26.01,26.01,26.01,26.01,26.01,26.01,26.01,26.01
324,"GIN","Guinea",16.79,16.936,17.082,17.228,17.374,17.52,17.616,17.712,17.808,17.904,18,18.018,18.036,18.054,18.072,18.09,18.216,18.342,18.468,18.594,18.72,19.748,20.776,21.804,22.832,23.86,23.86,23.86
624,"GNB","Guinea-Bissau",9.41,9.24000000000001,9.06999999999999,8.89999999999999,8.73,8.56,8.614,8.66799999999999,8.72199999999999,8.776,8.83,8.842,8.854,8.866,8.878,8.89,8.96000000000001,9.03,9.09999999999999,9.17,9.24000000000001,9.41199999999999,9.584,9.756,9.928,10.1,10.1,10.1
328,"GUY","Guyana",23.69,23.69,23.69,23.69,23.69,23.69,23.69,23.69,23.69,23.69,23.69,23.69,23.69,23.69,23.69,23.69,23.632,23.574,23.516,23.458,23.4,23.33,23.26,23.19,23.12,23.05,23.05,23.05
332,"HTI","Haiti",7.63000000000001,7.64399999999999,7.658,7.672,7.68600000000001,7.69999999999999,7.604,7.50800000000001,7.41199999999999,7.316,7.22,7.194,7.16799999999999,7.14200000000001,7.116,7.09,7.32599999999999,7.562,7.798,8.03399999999999,8.27,8.434,8.598,8.762,8.926,9.09,9.09,9.09
336,"VAT","Holy See",25.32,25.32,25.32,25.32,25.32,25.32,25.32,25.32,25.32,25.32,25.32,25.32,25.32,25.32,25.32,25.32,25.526,25.732,25.938,26.144,26.35,26.35,26.35,26.35,26.35,26.35,26.35,26.35
340,"HND","Honduras",9.47,9.482,9.494,9.506,9.518,9.53,9.57599999999999,9.622,9.66799999999999,9.714,9.76000000000001,9.792,9.824,9.85599999999999,9.88799999999999,9.92,9.964,10.008,10.052,10.096,10.14,10.17,10.2,10.23,10.26,10.29,10.29,10.29
344,"HKG","Hong Kong",32.68,32.71,32.74,32.77,32.8,32.83,32.922,33.014,33.106,33.198,33.29,33.36,33.43,33.5,33.57,33.64,33.716,33.792,33.868,33.944,34.02,34.078,34.136,34.194,34.252,34.31,34.31,34.31
348,"HUN","Hungary",27.44,27.682,27.924,28.166,28.408,28.65,28.894,29.138,29.382,29.626,29.87,29.874,29.878,29.882,29.886,29.89,30.038,30.186,30.334,30.482,30.63,30.708,30.786,30.864,30.942,31.02,31.02,31.02
352,"ISL","Iceland",54.14,54.272,54.404,54.536,54.668,54.8,54.894,54.988,55.082,55.176,55.27,55.228,55.186,55.144,55.102,55.06,55.116,55.172,55.228,55.284,55.34,55.374,55.408,55.442,55.476,55.51,55.51,55.51
356,"IND","India",10.98,11.17,11.36,11.55,11.74,11.93,12.21,12.49,12.77,13.05,13.33,13.668,14.006,14.344,14.682,15.02,15.342,15.664,15.986,16.308,16.63,16.862,17.094,17.326,17.558,17.79,17.79,17.79
360,"IDN","Indonesia",13.21,13.19,13.17,13.15,13.13,13.11,13.194,13.278,13.362,13.446,13.53,13.632,13.734,13.836,13.938,14.04,14.152,14.264,14.376,14.488,14.6,14.714,14.828,14.942,15.056,15.17,15.17,15.17
364,"IRN","Iran",11.85,12.07,12.29,12.51,12.73,12.95,13.248,13.546,13.844,14.142,14.44,14.638,14.836,15.034,15.232,15.43,15.554,15.678,15.802,15.926,16.05,16.2,16.35,16.5,16.65,16.8,16.8,16.8
368,"IRQ","Iraq",11.35,11.642,11.934,12.226,12.518,12.81,12.546,12.282,12.018,11.754,11.49,11.646,11.802,11.958,12.114,12.27,12.65,13.03,13.41,13.79,14.17,14.42,14.67,14.92,15.17,15.42,15.42,15.42
372,"IRL","Ireland",40.88,41.086,41.292,41.498,41.704,41.91,41.984,42.058,42.132,42.206,42.28,42.246,42.212,42.178,42.144,42.11,42.152,42.194,42.236,42.278,42.32,42.34,42.36,42.38,42.4,42.42,42.42,42.42
833,"IMN","Isle of Man",26.81,26.818,26.826,26.834,26.842,26.85,26.848,26.846,26.844,26.842,26.84,26.84,26.84,26.84,26.84,26.84,26.83,26.82,26.81,26.8,26.79,26.804,26.818,26.832,26.846,26.86,26.86,26.86
376,"ISR","Israel",29.13,29.202,29.274,29.346,29.418,29.49,29.5,29.51,29.52,29.53,29.54,29.598,29.656,29.714,29.772,29.83,29.878,29.926,29.974,30.022,30.07,30.132,30.194,30.256,30.318,30.38,30.38,30.38
380,"ITA","Italy",39.34,39.404,39.468,39.532,39.596,39.66,39.672,39.684,39.696,39.708,39.72,39.684,39.648,39.612,39.576,39.54,39.568,39.596,39.624,39.652,39.68,39.714,39.748,39.782,39.816,39.85,39.85,39.85
388,"JAM","Jamaica",14.64,14.61,14.58,14.55,14.52,14.49,14.53,14.57,14.61,14.65,14.69,14.68,14.67,14.66,14.65,14.64,14.684,14.728,14.772,14.816,14.86,14.882,14.904,14.926,14.948,14.97,14.97,14.97
392,"JPN","Japan",11.55,11.548,11.546,11.544,11.542,11.54,11.536,11.532,11.528,11.524,11.52,11.52,11.52,11.52,11.52,11.52,11.514,11.508,11.502,11.496,11.49,11.486,11.482,11.478,11.474,11.47,11.47,11.47
832,"JEY","Jersey",25.9,25.9,25.9,25.9,25.9,25.9,25.9,25.9,25.9,25.9,25.9,25.9,25.9,25.9,25.9,25.9,25.9,25.9,25.9,25.9,25.9,25.9,25.9,25.9,25.9,25.9,25.9,25.9
400,"JOR","Jordan",12.26,12.252,12.244,12.236,12.228,12.22,12.374,12.528,12.682,12.836,12.99,13.106,13.222,13.338,13.454,13.57,13.68,13.79,13.9,14.01,14.12,14.216,14.312,14.408,14.504,14.6,14.6,14.6
398,"KAZ","Kazakhstan",1.70999999999999,1.742,1.774,1.806,1.83799999999999,1.87,2.008,2.146,2.28399999999999,2.422,2.56,2.642,2.724,2.806,2.88800000000001,2.97,3.044,3.11799999999999,3.19199999999999,3.26600000000001,3.34,3.43000000000001,3.52,3.61,3.7,3.79000000000001,3.79000000000001,3.79000000000001
404,"KEN","Kenya",15.42,15.402,15.384,15.366,15.348,15.33,15.418,15.506,15.594,15.682,15.77,15.92,16.07,16.22,16.37,16.52,16.902,17.284,17.666,18.048,18.43,18.724,19.018,19.312,19.606,19.9,19.9,19.9
296,"KIR","Kiribati",13.97,14.242,14.514,14.786,15.058,15.33,15.324,15.318,15.312,15.306,15.3,15.262,15.224,15.186,15.148,15.11,15.176,15.242,15.308,15.374,15.44,15.432,15.424,15.416,15.408,15.4,15.4,15.4
689,"XKX","Kosovo",-8888,-8888,-8888,-8888,-8888,-8888,-8888,-8888,-8888,-8888,-8888,-8888,-8888,-8888,-8888,-8888,-8888,-8888,-8888,-8888,-8888,-8888,-8888,-8888,-8888,-8888,-8888,-8888
414,"KWT","Kuwait",14.33,14.1,13.87,13.64,13.41,13.18,13.412,13.644,13.876,14.108,14.34,14.304,14.268,14.232,14.196,14.16,14.326,14.492,14.658,14.824,14.99,15.082,15.174,15.266,15.358,15.45,15.45,15.45
417,"KGZ","Kyrgyzstan",10.23,10.434,10.638,10.842,11.046,11.25,11.396,11.542,11.688,11.834,11.98,12.154,12.328,12.502,12.676,12.85,12.994,13.138,13.282,13.426,13.57,13.776,13.982,14.188,14.394,14.6,14.6,14.6
418,"LAO","Laos",9.3,9.42,9.54000000000001,9.66,9.78,9.89999999999999,10.1,10.3,10.5,10.7,10.9,11.196,11.492,11.788,12.084,12.38,12.62,12.86,13.1,13.34,13.58,13.88,14.18,14.48,14.78,15.08,15.08,15.08
428,"LVA","Latvia",28.27,28.468,28.666,28.864,29.062,29.26,29.484,29.708,29.932,30.156,30.38,30.388,30.396,30.404,30.412,30.42,30.5,30.58,30.66,30.74,30.82,30.908,30.996,31.084,31.172,31.26,31.26,31.26
422,"LBN","Lebanon",13.02,12.99,12.96,12.93,12.9,12.87,12.952,13.034,13.116,13.198,13.28,13.47,13.66,13.85,14.04,14.23,14.314,14.398,14.482,14.566,14.65,14.714,14.778,14.842,14.906,14.97,14.97,14.97
426,"LSO","Lesotho",9.03,9.13000000000001,9.23,9.33,9.43000000000001,9.53,9.578,9.626,9.67400000000001,9.72199999999999,9.77,9.892,10.014,10.136,10.258,10.38,10.426,10.472,10.518,10.564,10.61,10.866,11.122,11.378,11.634,11.89,11.89,11.89
430,"LBR","Liberia",3.71000000000001,4.254,4.798,5.342,5.886,6.43000000000001,6.19,5.95,5.71000000000001,5.47,5.23,5.30800000000001,5.386,5.464,5.542,5.62,5.786,5.952,6.11799999999999,6.28400000000001,6.45,6.742,7.03399999999999,7.32599999999999,7.61800000000001,7.91,7.91,7.91
434,"LBY","Libya",21.74,21.788,21.836,21.884,21.932,21.98,22.042,22.104,22.166,22.228,22.29,22.402,22.514,22.626,22.738,22.85,23.01,23.17,23.33,23.49,23.65,23.728,23.806,23.884,23.962,24.04,24.04,24.04
438,"LIE","Liechtenstein",52.08,52.164,52.248,52.332,52.416,52.5,52.496,52.492,52.488,52.484,52.48,52.508,52.536,52.564,52.592,52.62,52.662,52.704,52.746,52.788,52.83,52.826,52.822,52.818,52.814,52.81,52.81,52.81
440,"LTU","Lithuania",27.85,28.206,28.562,28.918,29.274,29.63,30.154,30.678,31.202,31.726,32.25,32.352,32.454,32.556,32.658,32.76,32.952,33.144,33.336,33.528,33.72,33.956,34.192,34.428,34.664,34.9,34.9,34.9
442,"LUX","Luxembourg",42.46,42.426,42.392,42.358,42.324,42.29,42.27,42.25,42.23,42.21,42.19,42.176,42.162,42.148,42.134,42.12,42.108,42.096,42.084,42.072,42.06,42.056,42.052,42.048,42.044,42.04,42.04,42.04
446,"MAC","Macao",7.84,7.75,7.66,7.56999999999999,7.48,7.39,7.846,8.30199999999999,8.758,9.214,9.67,10.132,10.594,11.056,11.518,11.98,12.33,12.68,13.03,13.38,13.73,13.744,13.758,13.772,13.786,13.8,13.8,13.8
450,"MDG","Madagascar",8.44,8.464,8.488,8.512,8.536,8.56,8.52199999999999,8.48400000000001,8.446,8.408,8.37,8.36200000000001,8.354,8.346,8.33799999999999,8.33,8.41,8.48999999999999,8.56999999999999,8.65000000000001,8.73,8.824,8.91800000000001,9.012,9.10600000000001,9.2,9.2,9.2
454,"MWI","Malawi",7.09999999999999,7.13800000000001,7.176,7.214,7.25200000000001,7.28999999999999,7.26000000000001,7.23,7.19999999999999,7.17,7.14,7.31399999999999,7.488,7.66200000000001,7.836,8.00999999999999,8.18799999999999,8.366,8.544,8.72199999999999,8.89999999999999,9.032,9.164,9.29600000000001,9.428,9.56,9.56,9.56
458,"MYS","Malaysia",19.87,19.95,20.03,20.11,20.19,20.27,20.354,20.438,20.522,20.606,20.69,20.768,20.846,20.924,21.002,21.08,21.182,21.284,21.386,21.488,21.59,21.694,21.798,21.902,22.006,22.11,22.11,22.11
462,"MDV","Maldives",14.89,15.236,15.582,15.928,16.274,16.62,16.9,17.18,17.46,17.74,18.02,18.182,18.344,18.506,18.668,18.83,18.978,19.126,19.274,19.422,19.57,19.842,20.114,20.386,20.658,20.93,20.93,20.93
466,"MLI","Mali",7.84,7.91199999999999,7.98400000000001,8.056,8.128,8.2,8.35599999999999,8.512,8.66799999999999,8.824,8.98,9.09,9.2,9.31,9.42,9.53,9.652,9.774,9.896,10.018,10.14,10.202,10.264,10.326,10.388,10.45,10.45,10.45
470,"MLT","Malta",10.1,10.136,10.172,10.208,10.244,10.28,10.282,10.284,10.286,10.288,10.29,10.302,10.314,10.326,10.338,10.35,10.362,10.374,10.386,10.398,10.41,10.428,10.446,10.464,10.482,10.5,10.5,10.5
584,"MHL","Marshall Islands",40.7,40.248,39.796,39.344,38.892,38.44,38.594,38.748,38.902,39.056,39.21,39.132,39.054,38.976,38.898,38.82,39.012,39.204,39.396,39.588,39.78,39.764,39.748,39.732,39.716,39.7,39.7,39.7
478,"MRT","Mauritania",8.11,8.09999999999999,8.09,8.08,8.06999999999999,8.06,8.114,8.16799999999999,8.22199999999999,8.276,8.33,8.396,8.462,8.52800000000001,8.59400000000001,8.66,8.768,8.87599999999999,8.98400000000001,9.092,9.2,9.366,9.532,9.69799999999999,9.86399999999999,10.03,10.03,10.03
480,"MUS","Mauritius",13.63,13.748,13.866,13.984,14.102,14.22,14.276,14.332,14.388,14.444,14.5,14.582,14.664,14.746,14.828,14.91,14.996,15.082,15.168,15.254,15.34,15.444,15.548,15.652,15.756,15.86,15.86,15.86
484,"MEX","Mexico",8.94,8.992,9.044,9.096,9.148,9.2,9.218,9.236,9.25399999999999,9.27200000000001,9.28999999999999,9.294,9.298,9.30199999999999,9.306,9.31,9.348,9.38600000000001,9.42399999999999,9.462,9.5,9.52199999999999,9.544,9.566,9.58799999999999,9.61,9.61,9.61
583,"FSM","Micronesia",15.43,15.388,15.346,15.304,15.262,15.22,15.234,15.248,15.262,15.276,15.29,15.256,15.222,15.188,15.154,15.12,15.246,15.372,15.498,15.624,15.75,15.646,15.542,15.438,15.334,15.23,15.23,15.23
498,"MDA","Moldova",27.93,27.88,27.83,27.78,27.73,27.68,28.38,29.08,29.78,30.48,31.18,31.412,31.644,31.876,32.108,32.34,32.62,32.9,33.18,33.46,33.74,34.376,35.012,35.648,36.284,36.92,36.92,36.92
492,"MCO","Monaco",21.68,21.716,21.752,21.788,21.824,21.86,21.886,21.912,21.938,21.964,21.99,22.064,22.138,22.212,22.286,22.36,22.406,22.452,22.498,22.544,22.59,22.588,22.586,22.584,22.582,22.58,22.58,22.58
496,"MNG","Mongolia",5.84,5.916,5.99199999999999,6.068,6.14400000000001,6.22,6.38800000000001,6.556,6.72399999999999,6.892,7.06,7.27799999999999,7.49600000000001,7.714,7.93199999999999,8.15000000000001,8.672,9.194,9.71600000000001,10.238,10.76,11.216,11.672,12.128,12.584,13.04,13.04,13.04
499,"MNE","Montenegro",4.28,4.38,4.47999999999999,4.58,4.67999999999999,4.78,4.878,4.976,5.074,5.172,5.27,5.38200000000001,5.494,5.60599999999999,5.718,5.83,5.864,5.898,5.932,5.96600000000001,6,6.08800000000001,6.176,6.26400000000001,6.352,6.44,6.44,6.44
504,"MAR","Morocco",19.22,19.38,19.54,19.7,19.86,20.02,20.27,20.52,20.77,21.02,21.27,21.496,21.722,21.948,22.174,22.4,22.652,22.904,23.156,23.408,23.66,24,24.34,24.68,25.02,25.36,25.36,25.36
508,"MOZ","Mozambique",2.56999999999999,2.648,2.726,2.804,2.88199999999999,2.95999999999999,3.074,3.188,3.30200000000001,3.416,3.53,3.62,3.71000000000001,3.8,3.89,3.97999999999999,4.10000000000001,4.22,4.34,4.45999999999999,4.58,4.712,4.84400000000001,4.976,5.108,5.23999999999999,5.23999999999999,5.23999999999999
104,"MMR","Myanmar",5.45,5.646,5.842,6.038,6.23399999999999,6.43000000000001,6.82000000000001,7.21000000000001,7.59999999999999,7.98999999999999,8.38,8.63199999999999,8.884,9.136,9.38799999999999,9.64,9.77,9.89999999999999,10.03,10.16,10.29,10.696,11.102,11.508,11.914,12.32,12.32,12.32
516,"NAM","Namibia",16.45,16.506,16.562,16.618,16.674,16.73,16.874,17.018,17.162,17.306,17.45,17.57,17.69,17.81,17.93,18.05,18.22,18.39,18.56,18.73,18.9,19.036,19.172,19.308,19.444,19.58,19.58,19.58
520,"NRU","Nauru",21.87,21.476,21.082,20.688,20.294,19.9,19.34,18.78,18.22,17.66,17.1,17.176,17.252,17.328,17.404,17.48,17.286,17.092,16.898,16.704,16.51,16.768,17.026,17.284,17.542,17.8,17.8,17.8
524,"NPL","Nepal",3.67,3.70399999999999,3.738,3.77199999999999,3.806,3.84,3.852,3.864,3.876,3.88800000000001,3.90000000000001,3.94799999999999,3.996,4.044,4.092,4.14,4.19,4.23999999999999,4.29000000000001,4.34,4.39,4.43599999999999,4.482,4.52799999999999,4.574,4.62,4.62,4.62
528,"NLD","Netherlands",27.76,27.808,27.856,27.904,27.952,28,28.012,28.024,28.036,28.048,28.06,28.074,28.088,28.102,28.116,28.13,28.15,28.17,28.19,28.21,28.23,28.24,28.25,28.26,28.27,28.28,28.28,28.28
540,"NCL","New Caledonia",26,25.966,25.932,25.898,25.864,25.83,25.806,25.782,25.758,25.734,25.71,25.696,25.682,25.668,25.654,25.64,25.668,25.696,25.724,25.752,25.78,25.752,25.724,25.696,25.668,25.64,25.64,25.64
554,"NZL","New Zealand",20.96,21.012,21.064,21.116,21.168,21.22,21.292,21.364,21.436,21.508,21.58,21.586,21.592,21.598,21.604,21.61,21.656,21.702,21.748,21.794,21.84,21.866,21.892,21.918,21.944,21.97,21.97,21.97
558,"NIC","Nicaragua",12.32,12.456,12.592,12.728,12.864,13,13.054,13.108,13.162,13.216,13.27,13.334,13.398,13.462,13.526,13.59,13.702,13.814,13.926,14.038,14.15,14.326,14.502,14.678,14.854,15.03,15.03,15.03
562,"NER","Niger",17.43,17.412,17.394,17.376,17.358,17.34,17.446,17.552,17.658,17.764,17.87,17.922,17.974,18.026,18.078,18.13,18.352,18.574,18.796,19.018,19.24,19.458,19.676,19.894,20.112,20.33,20.33,20.33
566,"NGA","Nigeria",3.25,3.25999999999999,3.27,3.28,3.29000000000001,3.3,3.38199999999999,3.464,3.54600000000001,3.628,3.71000000000001,3.78,3.84999999999999,3.92,3.99000000000001,4.06,4.116,4.172,4.22799999999999,4.28399999999999,4.34,4.40600000000001,4.47199999999999,4.538,4.604,4.67,4.67,4.67
570,"NIU","Niue",18.12,18.12,18.12,18.12,18.12,18.12,18.12,18.12,18.12,18.12,18.12,18.12,18.12,18.12,18.12,18.12,18.614,19.108,19.602,20.096,20.59,20.59,20.59,20.59,20.59,20.59,20.59,20.59
408,"PRK","North Korea",10.71,10.552,10.394,10.236,10.078,9.92,9.94,9.96000000000001,9.98,10,10.02,10.016,10.012,10.008,10.004,10,10.086,10.172,10.258,10.344,10.43,10.35,10.27,10.19,10.11,10.03,10.03,10.03
807,"MKD","North Macedonia",4.38,4.398,4.416,4.434,4.452,4.47,4.476,4.482,4.488,4.494,4.5,4.52200000000001,4.544,4.566,4.58800000000001,4.61,4.634,4.658,4.682,4.706,4.73,4.75999999999999,4.79000000000001,4.82000000000001,4.84999999999999,4.88,4.88,4.88
578,"NOR","Norway",34.97,35.008,35.046,35.084,35.122,35.16,35.176,35.192,35.208,35.224,35.24,35.242,35.244,35.246,35.248,35.25,35.26,35.27,35.28,35.29,35.3,35.308,35.316,35.324,35.332,35.34,35.34,35.34
512,"OMN","Oman",11.14,11.216,11.292,11.368,11.444,11.52,11.598,11.676,11.754,11.832,11.91,12.1,12.29,12.48,12.67,12.86,12.928,12.996,13.064,13.132,13.2,13.332,13.464,13.596,13.728,13.86,13.86,13.86
586,"PAK","Pakistan",11.7,11.696,11.692,11.688,11.684,11.68,11.792,11.904,12.016,12.128,12.24,12.346,12.452,12.558,12.664,12.77,12.892,13.014,13.136,13.258,13.38,13.458,13.536,13.614,13.692,13.77,13.77,13.77
585,"PLW","Palau",22.07,22.018,21.966,21.914,21.862,21.81,21.844,21.878,21.912,21.946,21.98,22.012,22.044,22.076,22.108,22.14,22.192,22.244,22.296,22.348,22.4,22.396,22.392,22.388,22.384,22.38,22.38,22.38
591,"PAN","Panama",10.71,10.798,10.886,10.974,11.062,11.15,11.234,11.318,11.402,11.486,11.57,11.772,11.974,12.176,12.378,12.58,12.724,12.868,13.012,13.156,13.3,13.472,13.644,13.816,13.988,14.16,14.16,14.16
598,"PNG","Papua New Guinea",5.72,5.69199999999999,5.664,5.636,5.608,5.58,5.578,5.57600000000001,5.574,5.572,5.56999999999999,5.626,5.682,5.738,5.794,5.84999999999999,5.898,5.946,5.994,6.042,6.08999999999999,6.136,6.182,6.22799999999999,6.274,6.32000000000001,6.32000000000001,6.32000000000001
600,"PRY","Paraguay",16.23,16.128,16.026,15.924,15.822,15.72,15.76,15.8,15.84,15.88,15.92,16.034,16.148,16.262,16.376,16.49,16.608,16.726,16.844,16.962,17.08,17.29,17.5,17.71,17.92,18.13,18.13,18.13
604,"PER","Peru",6.71000000000001,6.73399999999999,6.758,6.782,6.806,6.83,6.908,6.986,7.06400000000001,7.14200000000001,7.22,7.37,7.52000000000001,7.67,7.82000000000001,7.97,8.078,8.18600000000001,8.294,8.402,8.50999999999999,8.65000000000001,8.78999999999999,8.93000000000001,9.06999999999999,9.20999999999999,9.20999999999999,9.20999999999999
608,"PHL","Philippines",43.36,43.578,43.796,44.014,44.232,44.45,44.636,44.822,45.008,45.194,45.38,45.686,45.992,46.298,46.604,46.91,47.142,47.374,47.606,47.838,48.07,48.434,48.798,49.162,49.526,49.89,49.89,49.89
616,"POL","Poland",32.2,32.562,32.924,33.286,33.648,34.01,34.216,34.422,34.628,34.834,35.04,35.312,35.584,35.856,36.128,36.4,36.616,36.832,37.048,37.264,37.48,37.636,37.792,37.948,38.104,38.26,38.26,38.26
620,"PRT","Portugal",22.29,22.424,22.558,22.692,22.826,22.96,22.974,22.988,23.002,23.016,23.03,23.036,23.042,23.048,23.054,23.06,23.088,23.116,23.144,23.172,23.2,23.254,23.308,23.362,23.416,23.47,23.47,23.47
634,"QAT","Qatar",5.30000000000001,5.35799999999999,5.416,5.474,5.53200000000001,5.58999999999999,5.596,5.60199999999999,5.608,5.61399999999999,5.62,5.66600000000001,5.71199999999999,5.758,5.804,5.84999999999999,5.878,5.90600000000001,5.934,5.962,5.98999999999999,6,6.01000000000001,6.02000000000001,6.03,6.04000000000001,6.04000000000001,6.04000000000001
178,"COG","Republic of Congo",14.44,14.468,14.496,14.524,14.552,14.58,14.624,14.668,14.712,14.756,14.8,14.936,15.072,15.208,15.344,15.48,15.532,15.584,15.636,15.688,15.74,16.038,16.336,16.634,16.932,17.23,17.23,17.23
642,"ROU","Romania",11.58,11.568,11.556,11.544,11.532,11.52,11.642,11.764,11.886,12.008,12.13,12.18,12.23,12.28,12.33,12.38,12.446,12.512,12.578,12.644,12.71,12.772,12.834,12.896,12.958,13.02,13.02,13.02
643,"RUS","Russia",3.29000000000001,3.32000000000001,3.34999999999999,3.38000000000001,3.41,3.44,3.56999999999999,3.7,3.83,3.95999999999999,4.09,4.16800000000001,4.24600000000001,4.324,4.402,4.47999999999999,4.55200000000001,4.624,4.696,4.768,4.84,4.928,5.01599999999999,5.104,5.19199999999999,5.28,5.28,5.28
646,"RWA","Rwanda",7.43000000000001,7.45,7.47,7.48999999999999,7.50999999999999,7.53,7.73,7.93000000000001,8.13000000000001,8.33,8.53,8.72800000000001,8.926,9.124,9.322,9.52,9.702,9.884,10.066,10.248,10.43,10.636,10.842,11.048,11.254,11.46,11.46,11.46
652,"BLM","Saint Barthelemy",24.31,24.31,24.31,24.31,24.31,24.31,24.31,24.31,24.31,24.31,24.31,24.31,24.31,24.31,24.31,24.31,24.31,24.31,24.31,24.31,24.31,24.31,24.31,24.31,24.31,24.31,24.31,24.31
659,"KNA","Saint Kitts and Nevis",8.98999999999999,9.02800000000001,9.066,9.104,9.142,9.17999999999999,9.20400000000001,9.22800000000001,9.25200000000001,9.276,9.3,9.292,9.28400000000001,9.276,9.268,9.26000000000001,9.26000000000001,9.26000000000001,9.26000000000001,9.26000000000001,9.26000000000001,9.26000000000001,9.26000000000001,9.26000000000001,9.26000000000001,9.26000000000001,9.26000000000001,9.26000000000001
662,"LCA","Saint Lucia",12.98,12.996,13.012,13.028,13.044,13.06,13.074,13.088,13.102,13.116,13.13,13.138,13.146,13.154,13.162,13.17,13.196,13.222,13.248,13.274,13.3,13.304,13.308,13.312,13.316,13.32,13.32,13.32
670,"VCT","Saint Vincent and the Grenadines",13.08,13.094,13.108,13.122,13.136,13.15,13.16,13.17,13.18,13.19,13.2,13.212,13.224,13.236,13.248,13.26,13.268,13.276,13.284,13.292,13.3,13.308,13.316,13.324,13.332,13.34,13.34,13.34
882,"WSM","Samoa",53.62,53.832,54.044,54.256,54.468,54.68,55.028,55.376,55.724,56.072,56.42,56.418,56.416,56.414,56.412,56.41,56.584,56.758,56.932,57.106,57.28,57.338,57.396,57.454,57.512,57.57,57.57,57.57
674,"SMR","San Marino",20.15,20.28,20.41,20.54,20.67,20.8,20.832,20.864,20.896,20.928,20.96,20.974,20.988,21.002,21.016,21.03,21.148,21.266,21.384,21.502,21.62,21.612,21.604,21.596,21.588,21.58,21.58,21.58
678,"STP","Sao Tome and Principe",9.61999999999999,9.616,9.61199999999999,9.608,9.604,9.59999999999999,9.842,10.084,10.326,10.568,10.81,10.994,11.178,11.362,11.546,11.73,11.91,12.09,12.27,12.45,12.63,13.486,14.342,15.198,16.054,16.91,16.91,16.91
682,"SAU","Saudi Arabia",18.06,18.07,18.08,18.09,18.1,18.11,18.146,18.182,18.218,18.254,18.29,18.308,18.326,18.344,18.362,18.38,18.424,18.468,18.512,18.556,18.6,18.632,18.664,18.696,18.728,18.76,18.76,18.76
686,"SEN","Senegal",8.93000000000001,9.024,9.11800000000001,9.212,9.306,9.39999999999999,9.514,9.628,9.74199999999999,9.85599999999999,9.97,10.018,10.066,10.114,10.162,10.21,10.342,10.474,10.606,10.738,10.87,11.084,11.298,11.512,11.726,11.94,11.94,11.94
688,"SRB","Serbia",0.849999999999994,0.853999999999999,0.858000000000004,0.861999999999995,0.866,0.870000000000005,0.88000000000001,0.890000000000001,0.900000000000006,0.909999999999997,0.920000000000002,0.927999999999997,0.936000000000007,0.944000000000003,0.951999999999998,0.960000000000008,0.968000000000004,0.975999999999999,0.983999999999995,0.992000000000004,1,1,1,1,1,1,1,1
690,"SYC","Seychelles",22.32,22.478,22.636,22.794,22.952,23.11,23.152,23.194,23.236,23.278,23.32,23.41,23.5,23.59,23.68,23.77,23.902,24.034,24.166,24.298,24.43,24.418,24.406,24.394,24.382,24.37,24.37,24.37
694,"SLE","Sierra Leone",7.83,7.5,7.17,6.84,6.51000000000001,6.17999999999999,6.47,6.76000000000001,7.05,7.34,7.63000000000001,7.746,7.86200000000001,7.97799999999999,8.09399999999999,8.20999999999999,8.34399999999999,8.47799999999999,8.61199999999999,8.746,8.88,9.05200000000001,9.224,9.396,9.568,9.74000000000001,9.74000000000001,9.74000000000001
702,"SGP","Singapore",48.95,49.09,49.23,49.37,49.51,49.65,49.772,49.894,50.016,50.138,50.26,50.382,50.504,50.626,50.748,50.87,50.95,51.03,51.11,51.19,51.27,51.356,51.442,51.528,51.614,51.7,51.7,51.7
534,"SXM","Sint Maarten",26.38,26.4,26.42,26.44,26.46,26.48,26.424,26.368,26.312,26.256,26.2,26.22,26.24,26.26,26.28,26.3,26.268,26.236,26.204,26.172,26.14,26.166,26.192,26.218,26.244,26.27,26.27,26.27
703,"SVK","Slovakia",12.16,12.202,12.244,12.286,12.328,12.37,12.42,12.47,12.52,12.57,12.62,12.666,12.712,12.758,12.804,12.85,12.886,12.922,12.958,12.994,13.03,13.054,13.078,13.102,13.126,13.15,13.15,13.15
705,"SVN","Slovenia",22.62,22.774,22.928,23.082,23.236,23.39,23.51,23.63,23.75,23.87,23.99,24.034,24.078,24.122,24.166,24.21,24.286,24.362,24.438,24.514,24.59,24.634,24.678,24.722,24.766,24.81,24.81,24.81
90,"SLB","Solomon Islands",5.22,5.068,4.916,4.764,4.61200000000001,4.45999999999999,4.43599999999999,4.41200000000001,4.38800000000001,4.364,4.34,4.44799999999999,4.55600000000001,4.664,4.77199999999999,4.88,5.048,5.21599999999999,5.384,5.55200000000001,5.72,5.80000000000001,5.88,5.95999999999999,6.04000000000001,6.12,6.12,6.12
706,"SOM","Somalia",7.42,7.38,7.34,7.3,7.26000000000001,7.22,7.23,7.24000000000001,7.25,7.26000000000001,7.27,7.294,7.318,7.342,7.366,7.39,7.40600000000001,7.422,7.438,7.45400000000001,7.47,7.352,7.23399999999999,7.116,6.998,6.88,6.88,6.88
710,"ZAF","South Africa",25.97,26.012,26.054,26.096,26.138,26.18,26.292,26.404,26.516,26.628,26.74,26.816,26.892,26.968,27.044,27.12,27.22,27.32,27.42,27.52,27.62,27.746,27.872,27.998,28.124,28.25,28.25,28.25
410,"KOR","South Korea",63.29,63.496,63.702,63.908,64.114,64.32,64.502,64.684,64.866,65.048,65.23,65.362,65.494,65.626,65.758,65.89,66.022,66.154,66.286,66.418,66.55,66.66,66.77,66.88,66.99,67.1,67.1,67.1
728,"SSD","South Sudan",11.08,11.08,11.08,11.08,11.08,11.08,11.08,11.08,11.08,11.08,11.08,11.08,11.08,11.08,11.08,11.08,10.922,10.764,10.606,10.448,10.29,10.36,10.43,10.5,10.57,10.64,10.64,10.64
724,"ESP","Spain",26.29,26.442,26.594,26.746,26.898,27.05,27.12,27.19,27.26,27.33,27.4,27.386,27.372,27.358,27.344,27.33,27.39,27.45,27.51,27.57,27.63,27.652,27.674,27.696,27.718,27.74,27.74,27.74
144,"LKA","Sri Lanka",17.2,17.456,17.712,17.968,18.224,18.48,18.668,18.856,19.044,19.232,19.42,19.746,20.072,20.398,20.724,21.05,21.394,21.738,22.082,22.426,22.77,23.124,23.478,23.832,24.186,24.54,24.54,24.54
275,"PSE","State of Palestine",1.37,1.38200000000001,1.39399999999999,1.40599999999999,1.41799999999999,1.42999999999999,1.38800000000001,1.346,1.304,1.262,1.22,1.21599999999999,1.212,1.208,1.20400000000001,1.2,1.21599999999999,1.232,1.248,1.264,1.28,1.318,1.35599999999999,1.39399999999999,1.432,1.47,1.47,1.47
729,"SDN","Sudan",7.82000000000001,7.88200000000001,7.94399999999999,8.006,8.068,8.13000000000001,8.16200000000001,8.194,8.226,8.258,8.28999999999999,8.342,8.39400000000001,8.446,8.498,8.55,8.58,8.61,8.64,8.67,8.7,8.746,8.792,8.83800000000001,8.884,8.93000000000001,8.93000000000001,8.93000000000001
740,"SUR","Suriname",12.74,12.716,12.692,12.668,12.644,12.62,12.91,13.2,13.49,13.78,14.07,14.25,14.43,14.61,14.79,14.97,15.216,15.462,15.708,15.954,16.2,16.34,16.48,16.62,16.76,16.9,16.9,16.9
752,"SWE","Sweden",38.95,39.006,39.062,39.118,39.174,39.23,39.266,39.302,39.338,39.374,39.41,39.42,39.43,39.44,39.45,39.46,39.492,39.524,39.556,39.588,39.62,39.632,39.644,39.656,39.668,39.68,39.68,39.68
756,"CHE","Switzerland",29.67,29.692,29.714,29.736,29.758,29.78,29.788,29.796,29.804,29.812,29.82,29.836,29.852,29.868,29.884,29.9,29.916,29.932,29.948,29.964,29.98,29.996,30.012,30.028,30.044,30.06,30.06,30.06
760,"SYR","Syria",6.12,6.114,6.108,6.10199999999999,6.096,6.08999999999999,6.134,6.178,6.22200000000001,6.26600000000001,6.31,6.366,6.42200000000001,6.47799999999999,6.53399999999999,6.58999999999999,6.678,6.76600000000001,6.854,6.94200000000001,7.03,7.248,7.46599999999999,7.684,7.902,8.12,8.12,8.12
158,"TWN","Taiwan",13.64,13.66,13.68,13.7,13.72,13.74,13.748,13.756,13.764,13.772,13.78,13.784,13.788,13.792,13.796,13.8,13.8,13.8,13.8,13.8,13.8,13.802,13.804,13.806,13.808,13.81,13.81,13.81
762,"TJK","Tajikistan",9.2,9.22199999999999,9.244,9.26599999999999,9.288,9.31,9.648,9.98599999999999,10.324,10.662,11,11.206,11.412,11.618,11.824,12.03,12.146,12.262,12.378,12.494,12.61,12.866,13.122,13.378,13.634,13.89,13.89,13.89
834,"TZA","Tanzania",7.98999999999999,8.06,8.13000000000001,8.2,8.27,8.34,8.538,8.736,8.934,9.13199999999999,9.33,9.54000000000001,9.75,9.96000000000001,10.17,10.38,10.608,10.836,11.064,11.292,11.52,11.684,11.848,12.012,12.176,12.34,12.34,12.34
764,"THA","Thailand",33.15,33.072,32.994,32.916,32.838,32.76,33.19,33.62,34.05,34.48,34.91,35.19,35.47,35.75,36.03,36.31,36.634,36.958,37.282,37.606,37.93,38.344,38.758,39.172,39.586,40,40,40
626,"TLS","Timor-Leste",11.59,11.32,11.05,10.78,10.51,10.24,10.22,10.2,10.18,10.16,10.14,10.302,10.464,10.626,10.788,10.95,11.134,11.318,11.502,11.686,11.87,12.196,12.522,12.848,13.174,13.5,13.5,13.5
768,"TGO","Togo",3.05,3.03999999999999,3.03,3.02,3.01000000000001,3,2.974,2.94799999999999,2.922,2.896,2.86999999999999,2.872,2.874,2.876,2.878,2.88000000000001,2.90599999999999,2.932,2.958,2.98399999999999,3.01000000000001,3.10599999999999,3.202,3.298,3.39399999999999,3.49000000000001,3.49000000000001,3.49000000000001
776,"TON","Tonga",11.29,11.336,11.382,11.428,11.474,11.52,11.564,11.608,11.652,11.696,11.74,11.742,11.744,11.746,11.748,11.75,11.824,11.898,11.972,12.046,12.12,12.126,12.132,12.138,12.144,12.15,12.15,12.15
780,"TTO","Trinidad and Tobago",8.65000000000001,8.97799999999999,9.306,9.634,9.962,10.29,10.766,11.242,11.718,12.194,12.67,13.01,13.35,13.69,14.03,14.37,14.64,14.91,15.18,15.45,15.72,15.814,15.908,16.002,16.096,16.19,16.19,16.19
788,"TUN","Tunisia",9.38,9.45,9.52,9.59,9.66,9.73,9.78400000000001,9.83800000000001,9.892,9.946,10,10.056,10.112,10.168,10.224,10.28,10.336,10.392,10.448,10.504,10.56,10.622,10.684,10.746,10.808,10.87,10.87,10.87
792,"TUR","Turkey",28.97,29.092,29.214,29.336,29.458,29.58,29.722,29.864,30.006,30.148,30.29,30.364,30.438,30.512,30.586,30.66,30.764,30.868,30.972,31.076,31.18,31.336,31.492,31.648,31.804,31.96,31.96,31.96
795,"TKM","Turkmenistan",10.7,10.796,10.892,10.988,11.084,11.18,11.474,11.768,12.062,12.356,12.65,12.858,13.066,13.274,13.482,13.69,13.808,13.926,14.044,14.162,14.28,14.486,14.692,14.898,15.104,15.31,15.31,15.31
796,"TCA","Turks and Caicos Islands",24.63,24.728,24.826,24.924,25.022,25.12,25.084,25.048,25.012,24.976,24.94,25.16,25.38,25.6,25.82,26.04,26.146,26.252,26.358,26.464,26.57,26.562,26.554,26.546,26.538,26.53,26.53,26.53
798,"TUV","Tuvalu",15.07,15.424,15.778,16.132,16.486,16.84,17.056,17.272,17.488,17.704,17.92,18.04,18.16,18.28,18.4,18.52,18.77,19.02,19.27,19.52,19.77,19.75,19.73,19.71,19.69,19.67,19.67,19.67
800,"UGA","Uganda",16.38,16.66,16.94,17.22,17.5,17.78,18.074,18.368,18.662,18.956,19.25,19.604,19.958,20.312,20.666,21.02,21.276,21.532,21.788,22.044,22.3,22.668,23.036,23.404,23.772,24.14,24.14,24.14
804,"UKR","Ukraine",3.86999999999999,3.86199999999999,3.854,3.846,3.83799999999999,3.83,3.902,3.974,4.04600000000001,4.11799999999999,4.19,4.2,4.21000000000001,4.22,4.23,4.23999999999999,4.264,4.288,4.31200000000001,4.336,4.36,4.392,4.42399999999999,4.456,4.488,4.52,4.52,4.52
784,"ARE","United Arab Emirates",22.05,22.048,22.046,22.044,22.042,22.04,22.232,22.424,22.616,22.808,23,23.096,23.192,23.288,23.384,23.48,23.602,23.724,23.846,23.968,24.09,24.17,24.25,24.33,24.41,24.49,24.49,24.49
826,"GBR","United Kingdom",34,34.022,34.044,34.066,34.088,34.11,34.12,34.13,34.14,34.15,34.16,34.16,34.16,34.16,34.16,34.16,34.166,34.172,34.178,34.184,34.19,34.196,34.202,34.208,34.214,34.22,34.22,34.22
840,"USA","United States of America",13.57,13.606,13.642,13.678,13.714,13.75,13.76,13.77,13.78,13.79,13.8,13.9,14,14.1,14.2,14.3,14.358,14.416,14.474,14.532,14.59,14.64,14.69,14.74,14.79,14.84,14.84,14.84
858,"URY","Uruguay",24.77,24.77,24.77,24.77,24.77,24.77,24.77,24.77,24.77,24.77,24.77,24.77,24.77,24.77,24.77,24.77,24.77,24.77,24.77,24.77,24.77,24.77,24.77,24.77,24.77,24.77,24.77,24.77
860,"UZB","Uzbekistan",30.47,30.56,30.65,30.74,30.83,30.92,30.964,31.008,31.052,31.096,31.14,31.136,31.132,31.128,31.124,31.12,31.168,31.216,31.264,31.312,31.36,31.414,31.468,31.522,31.576,31.63,31.63,31.63
548,"VUT","Vanuatu",50.73,50.794,50.858,50.922,50.986,51.05,50.946,50.842,50.738,50.634,50.53,50.818,51.106,51.394,51.682,51.97,52.08,52.19,52.3,52.41,52.52,52.588,52.656,52.724,52.792,52.86,52.86,52.86
862,"VEN","Venezuela",20.59,20.542,20.494,20.446,20.398,20.35,20.38,20.41,20.44,20.47,20.5,20.566,20.632,20.698,20.764,20.83,20.806,20.782,20.758,20.734,20.71,20.836,20.962,21.088,21.214,21.34,21.34,21.34
704,"VNM","Viet Nam",31.26,31.88,32.5,33.12,33.74,34.36,35.05,35.74,36.43,37.12,37.81,38.39,38.97,39.55,40.13,40.71,41.252,41.794,42.336,42.878,43.42,43.944,44.468,44.992,45.516,46.04,46.04,46.04
876,"WLF","Wallis and Futuna Islands",21.9,21.9,21.9,21.9,21.9,21.9,21.9,21.9,21.9,21.9,21.9,21.9,21.9,21.9,21.9,21.9,22.274,22.648,23.022,23.396,23.77,23.77,23.77,23.77,23.77,23.77,23.77,23.77
732,"ESH","Western Sahara",13.69,13.69,13.69,13.69,13.69,13.69,13.69,13.69,13.69,13.69,13.69,13.69,13.69,13.69,13.69,13.69,14.232,14.774,15.316,15.858,16.4,16.4,16.4,16.4,16.4,16.4,16.4,16.4
887,"YEM","Yemen",16.06,16.3,16.54,16.78,17.02,17.26,17.352,17.444,17.536,17.628,17.72,17.836,17.952,18.068,18.184,18.3,18.418,18.536,18.654,18.772,18.89,18.95,19.01,19.07,19.13,19.19,19.19,19.19
894,"ZMB","Zambia",9.11,9.092,9.074,9.056,9.038,9.02,9.142,9.264,9.38600000000001,9.50800000000001,9.63000000000001,9.806,9.982,10.158,10.334,10.51,10.72,10.93,11.14,11.35,11.56,11.774,11.988,12.202,12.416,12.63,12.63,12.63
716,"ZWE","Zimbabwe",24.27,24.316,24.362,24.408,24.454,24.5,23.572,22.644,21.716,20.788,19.86,19.538,19.216,18.894,18.572,18.25,18.674,19.098,19.522,19.946,20.37,20.66,20.95,21.24,21.53,21.82,21.82,21.82
